"Thema";"Frage";"Antwort";"Quelle";"Diagramm"
"0 Kernwissen · muss sitzen";"Definiere Positive Psychologie und beschreibe den Perspektivenwechsel.";"DEFINITION
Die wissenschaftliche Erforschung dessen, was das Leben lebenswert macht. Ein Aufruf, sich genauso mit Stärken wie mit Schwächen zu beschäftigen, die besten Dinge zu fördern wie die schlimmsten zu reparieren und das Leben normaler Menschen erfüllter zu machen wie Pathologie zu heilen.

MERKSATZ
Nicht „alles positiv sehen“, sondern wissenschaftlich untersuchen, welche Bedingungen Menschen, Gruppen und Organisationen aufblühen lassen.

Sie ergänzt die klinische Psychologie, ersetzt sie nicht. Negative Emotionen gelten als funktional.";"Snyder & Lopez (2021) · Klausurfrage 1";"ja"
"0 Kernwissen · muss sitzen";"Grenze Glück, Wohlbefinden und Lebenszufriedenheit voneinander ab.";"Im Alltag synonym, wissenschaftlich unterscheidbar und miteinander verbunden.

Relevanz für Coaching: Wer „unglücklich“ sagt, kann zu wenig positive Emotionen, zu wenig Sinn ODER eine negative Lebensbilanz meinen. Daraus folgen völlig unterschiedliche Interventionen – Genusstraining oder Wertearbeit.";"Klausurfrage 2";"ja"
"0 Kernwissen · muss sitzen";"Erkläre hedonisches und eudaimonisches Wohlbefinden.";"HEDONISCH – „Feeling Good“
Erleben positiver Emotionen und Abwesenheit negativer. Affektiv, kurzfristig, situationsabhängig.
Beispiel: ein schöner Abend mit Freunden.
Forscher: Kahneman

EUDAIMONISCH – „Functioning Well“
Erfülltes Leben im Einklang mit eigenen Werten und Potenzialen. Wachstum, Sinn, Authentizität, Stärkeneinsatz. Langfristig, prozesshaft.
Beispiel: eine anstrengende, aber sinnvolle Aufgabe zu Ende bringen.
Forscher: Aristoteles, Ryff, Deci & Ryan";"Klausurfrage 3";"ja"
"0 Kernwissen · muss sitzen";"Woraus besteht Subjektives Wohlbefinden nach Diener?";"Zwei Komponenten, vier Bestandteile:

AFFEKTIV
• Positiver Affekt – Häufigkeit und Intensität positiver Gefühle
• Negativer Affekt – Häufigkeit und Intensität negativer Gefühle

KOGNITIV
• Lebenszufriedenheit – globale Bewertung
• Domänenspezifische Zufriedenheit – z. B. Arbeit, Gesundheit, Beziehungen

WICHTIG: Es geht nicht nur darum, wie sich jemand fühlt, sondern auch darum, wie er sein Leben bewertet.";"Diener et al. (1999)";"ja"
"0 Kernwissen · muss sitzen";"Erkläre die 50-40-10-Formel des Glücks.";"• ca. 50 % Set-Point / genetische Veranlagung
• ca. 40 % absichtsvolle Aktivitäten
• ca. 10 % Lebensumstände

KERNAUSSAGE
Wohlbefinden ist weder durch Gene noch durch Umstände festgelegt – ein erheblicher Teil ist aktiv gestaltbar. Genau darauf setzen Coaching und Intervention.

DREI ARTEN ABSICHTSVOLLER AKTIVITÄTEN
• kognitiv: Dankbarkeit, Optimismus, positive Erlebnisse auskosten
• verhaltensbezogen: Beziehungen pflegen, Bewegung, Gutes tun
• volitional: Selbstregulation und Dranbleiben

ACHTUNG: In manchen Zusammenfassungen sind 40 und 10 vertauscht. Richtig ist 40 % Aktivitäten, 10 % Umstände.";"Lyubomirsky, Sheldon & Schkade (2005)";"ja"
"0 Kernwissen · muss sitzen";"Beschreibe das PERMA-V-Modell.";"P – Positive Emotionen: Freude, Dankbarkeit, Hoffnung ermöglichen
E – Engagement: im Tun aufgehen, Flow, Stärken nutzen
R – Relationships: tragfähige, unterstützende Beziehungen
M – Meaning: Sinn, Werte, Beitrag zu etwas Größerem
A – Accomplishment: Zielerreichung, Kompetenz, Fortschritt
V – Vitalität: Energie, Schlaf, Bewegung, Gesundheit

ZIEL: zunehmendes Aufblühen (Flourishing) durch Verstärkung dieser Elemente.

BEDEUTUNG FÜR COACHING: PERMA erlaubt eine differenzierte Diagnostik statt pauschaler Aussagen über „Zufriedenheit“ – man sieht genau, welches Element fehlt, und kann dort ansetzen.";"Seligman (2011); V nach Zhivotovskaya (2016, 2021) · Klausurfrage 4";"ja"
"0 Kernwissen · muss sitzen";"Welche drei Kriterien muss ein Element erfüllen, um ein PERMA-Element zu sein?";"1. Es trägt zum Wohlbefinden bei.
2. Es wird um seiner selbst willen verfolgt.
3. Es ist unabhängig von den anderen Elementen und messbar.";"";""
"0 Kernwissen · muss sitzen";"Definiere Flow und erkläre, unter welchen Bedingungen er entsteht.";"DEFINITION
Ein Zustand des vollkommenen und reflexionsfreien Vertiefens und Aufgehens in einer Tätigkeit, die persönlich herausfordernd ist und dennoch optimal gelingt, also glatt und fließend abläuft.

ENTSTEHUNG
In der Balance zwischen persönlicher Fähigkeit (skill) und Anforderung der Aufgabe (challenge).
• Anforderung zu niedrig → Langeweile
• Anforderung zu hoch → Überforderung, Angst
• optimale Passung → Flow

WIRKUNGEN
• affektiv: positive Gefühle
• kognitiv: Aufmerksamkeit und Konzentration
• konativ: Leistung und Erfolg
• physiologisch: Cortisol moderat erhöht

Einordnung in PERMA: Flow ist der Kern von E – Engagement.";"Csikszentmihályi (1975, 2002) · Klausurfrage 6";"ja"
"0 Kernwissen · muss sitzen";"Erläutere die Broaden-and-Build-Theorie und ihre Bedeutung für Change-Prozesse.";"BROADEN – Erweitern
Positive Emotionen erweitern Aufmerksamkeit, Denken und Handlungsspielräume: kreativer, offener, mehr Möglichkeiten, leichter soziale Kontakte. Weitblick statt Tunnelblick.

BUILD – Aufbauen
Dadurch werden langfristig Ressourcen aufgebaut:
• intellektuell: Wissen, Problemlösen
• physisch: Koordination, Kraft
• sozial: Freundschaften, Netzwerke
• psychologisch: Resilienz, Optimismus, Selbstwirksamkeit

BEDEUTUNG FÜR COACHING UND CHANGE
Erst positive Emotionen schaffen die Voraussetzung dafür, dass Menschen aus dem Tunnelblick herauskommen, Ressourcen erkennen und Alternativen entwickeln. Ohne sie bleibt der Möglichkeitsraum eng – Veränderung wird unwahrscheinlich.";"Fredrickson (2001) · Klausurfrage 5";"ja"
"0 Kernwissen · muss sitzen";"Was sind Charakterstärken und wie werden sie in der Beratung genutzt?";"DEFINITION
Psychologische Merkmale, die Tugenden definieren. Sie bilden einen Teil der Persönlichkeit ab, sind über Situationen und Zeit relativ stabil, können sich aber durch Lebenserfahrungen weiterentwickeln.

STÄRKEN-CHECK – woran erkenne ich eine Stärke?
1. Sie drängt aus mir heraus und gibt Energie.
2. Es fehlt etwas, wenn ich sie nicht ausleben kann.
3. Es kostet Energie, sie zurückzuhalten.
4. Es kommt vor, dass ich mehr davon mache, als gut ist.

IN DER BERATUNG
Identifizieren: „Wann fühlen Sie sich energiegeladen?“, „Was fällt Ihnen leicht?“, „Wofür bekommen Sie Komplimente?“
Einsetzen: „Wie könnte Ihnen diese Stärke helfen, Ihr Ziel zu erreichen?“, „Wann hat sie Ihnen schon einmal geholfen?“

Klassifikation: VIA mit 6 Tugenden und 24 Stärken.
Stärkenorientierung ist kein Schönreden.";"Seligman & Peterson (2004); Ebner (2024) · Klausurfrage 7";""
"0 Kernwissen · muss sitzen";"Erkläre das Doppel-Kontinuum der mentalen Gesundheit nach Keyes.";"Zwei UNABHÄNGIGE Dimensionen:
• Vorliegen einer psychischen Erkrankung
• Ausmaß des mentalen Wohlbefindens

Daraus ergeben sich vier Zustände.

KERNAUSSAGE
Mentale Gesundheit ist nicht die Abwesenheit psychischer Krankheit. Wer keine Diagnose hat, ist nicht automatisch mental gesund – das ist genau der Bereich Languishing.

FÜR COACHING
Coaches sind „Architekten des Aufblühens“, nicht nur Reparateure von Defiziten. Fokus auf die vertikale Achse: von Languishing zu Flourishing begleiten. Bei klinischen Themen Kooperation mit Therapeut:innen.";"Keyes (2002) · Klausurfrage 10";"ja"
"0 Kernwissen · muss sitzen";"Wie hängen Salutogenese, mentale Gesundheit, Wohlbefinden und Resilienz zusammen?";"• SALUTOGENESE = übergeordnetes Paradigma mit Ressourcenfokus. Leitfrage: Was hält gesund? (Gegenstück: Pathogenese – Was macht krank?)

• MODELL MENTALER GESUNDHEIT (Keyes) = differenziertes Diagnosemodell, um den Zustand einer Person zu verorten.

• WOHLBEFINDEN / FLOURISHING = Ziel bzw. Optimalzustand innerhalb dieses Modells.

• RESILIENZ = dynamischer Prozess bzw. Motor, der Bewegung im Modell ermöglicht: schützt vor dem Abrutschen in Krankheit (horizontal) und treibt Wachstum Richtung Flourishing an (vertikal).

KOHÄRENZSINN (Antonovsky): Verstehbarkeit, Handhabbarkeit, Sinnhaftigkeit. Hohe Kohärenz aktiviert Ressourcen.";"Klausurfrage 10";"ja"
"0 Kernwissen · muss sitzen";"Definiere Resilienz und grenze sie von den gängigen Mythen ab.";"DEFINITION (nach APA)
Der Prozess der guten Anpassung angesichts von Widrigkeiten, Traumata, Tragödien, Bedrohungen oder signifikanten Stressquellen.
→ nicht statisch, sondern flexibel und dynamisch
→ es gibt nicht DIE eine einheitliche Definition
→ trainierbarer Prozess, keine angeborene Eigenschaft

DIE FÜNF MYTHEN – alle FALSCH
1. „Schnell wieder der/die Alte sein“ → oft eher posttraumatisches Wachstum, eine veränderte, reifere Version
2. „Härte, dickes Fell“ → nötig ist psychologische Flexibilität und Emotionsakzeptanz
3. „Nur in großen Krisen nötig“ → auch Alltagsstress, Mikro-Resilienz
4. „Resiliente brauchen keine Hilfe“ → soziale Unterstützung ist eine zentrale Säule
5. „Optimismus ist entscheidend“ → zentral ist REALISTISCHER Optimismus plus Akzeptanz, Lösungen und Unterstützung";"APA; Wessa (2025) · Klausurfrage 8";""
"0 Kernwissen · muss sitzen";"Nenne die 7 Säulen der Resilienz.";"1. AKZEPTANZ – annehmen, was nicht veränderbar ist, Energie auf das Machbare lenken
2. OPTIMISMUS – Glaube an eine positive Zukunft und die eigene Gestaltungsfähigkeit
3. LÖSUNGSORIENTIERUNG – Fokus auf Lösungen statt auf Probleme
4. SELBSTWIRKSAMKEIT – Opferrolle verlassen, Einfluss auf das eigene Leben nehmen
5. VERANTWORTUNG – für eigenes Handeln und Fühlen übernehmen
6. NETZWERKORIENTIERUNG – soziale Unterstützung aktiv pflegen und nutzen
7. ZUKUNFTSPLANUNG – realistische und sinnstiftende Ziele setzen";"Reivich & Shatté (2002); Rampe (2005) · Klausurfrage 9";"ja"
"0 Kernwissen · muss sitzen";"Erkläre das ABCDE-Modell.";"Werkzeug zur kognitiven Umstrukturierung, Teil des Master Resilience Trainings.

SCHRITT D – DISPUTATION im Detail, die vier Prüffragen:
• Evidenz: Welche Beweise gibt es wirklich dafür? Welche dagegen?
• Alternativen: Gibt es eine wohlwollendere oder realistischere Erklärung?
• Nützlichkeit: Hilft mir dieser Gedanke oder blockiert er mich?
• Worst Case (De-Katastrophisierung): Selbst wenn es stimmte – was wäre das Schlimmste? Könnte ich damit umgehen?";"Seligman (2011), Master Resilience Training · Klausurfrage 9";"ja"
"0 Kernwissen · muss sitzen";"Was liegt in meiner Hand? Erkläre Einfluss- und Betroffenheitsbereich.";"BETROFFENHEITSBEREICH (Circle of Concern)
Alles, was mich beschäftigt und betrifft, worauf ich aber keinen Einfluss habe.
→ Hier gilt das Prinzip AKZEPTANZ.

EINFLUSSBEREICH (Circle of Influence)
Das, worauf ich tatsächlich einwirken kann.
→ Hier gilt das GESTALTUNGSPRINZIP.

KERN: KONTROLLE
Das eigene Verhalten und die eigenen Gedanken.

In der Beratung extrem nützlich, um Ziele realistisch zu verorten – und um Interventionen nicht an unveränderbaren Umständen scheitern zu lassen.";"Covey (1989, 2004)";"ja"
"0 Kernwissen · muss sitzen";"Nenne die vier Strategien des Positive Leadership nach Cameron.";"Ziel: „positiv deviante“ Leistungen ermöglichen – Ergebnisse weit über dem Durchschnitt. Es geht nicht darum, Probleme zu ignorieren, sondern Bedingungen für außergewöhnliches Gedeihen zu schaffen.

KONTRASTBEISPIELE
Klima: statt „Wer ist schuld?“ → „Was lernen wir daraus?“
Beziehungen: statt „Direkt zur Sache“ → „Wie geht es Ihnen?“
Kommunikation: statt Jahreskritikgespräch → regelmäßiges Stärken-Feedback
Sinn: statt „X % Umsatz“ → „Wir helfen Kunden, Y zu erreichen“";"Cameron (2012) · Klausurfrage 11";"ja"
"0 Kernwissen · muss sitzen";"Vergleiche Positive Leadership nach Cameron mit PERMA-Lead nach Ebner.";"PERMA-LEAD überträgt PERMA auf Führung: positive Emotionen ermöglichen, Engagement und Flow fördern, Beziehungen stärken, Sinn vermitteln, Erreichtes sichtbar machen.

GEMEINSAMKEITEN
• beide ressourcen- und stärkenorientiert
• beide betonen Sinn (Meaning) und positive Beziehungen (Relationships)
• beide zielen auf Win-Win: Wohlbefinden UND Leistung

EVIDENZ (Ebner, Krankenhaus)
Je höher das PERMA-Lead-Verhalten, desto geringer Fluktuationsneigung (r = -.291) und Burnout (r = -.392), jeweils p < 0,001.

DIAGNOSTIK
Profiler, Leadership-/Managementkompetenzen, Führungs- und Organisationskulturanalyse. Entwicklungspotenzial zeigt sich in der Differenz zwischen Verhalten und eigener Erwartung.";"Cameron (2012); Ebner (2017, 2024) · Klausurfrage 11";"ja"
"0 Kernwissen · muss sitzen";"Stelle die zentralen Kritikpunkte an der Positiven Psychologie dar und ordne sie ein.";"1. OBERFLÄCHLICHKEIT
Konstrukte wie Glück und Wohlbefinden sind komplex; gesellschaftliche und biografische Voraussetzungen wirken als Moderatorvariablen.

2. IDEOLOGISCHE TENDENZEN
Stark mit Seligman verbunden; Vorwürfe der „Zwangsbeglückung“ (Utsch) und der „Aufgabe, das Glück zu finden“ (Ahmed). Nach Salamun lassen sich Ideologiemerkmale identifizieren.

3. DICHOTOMISIERUNG
Scharfe Trennung Pathologie vs. Positive Psychologie erweckt den Eindruck, andere Richtungen hätten Stärken nie betrachtet – auch die WHO-Definition enthält längst Wohlbefinden.

4. TOXISCHE POSITIVITÄT
Problematisch, wenn negative Emotionen abgewertet werden. Sie sind funktional: Angst warnt, Ärger zeigt Grenzen, Trauer verarbeitet.

DIFFERENZIERTE ANTWORT (Van Zyl, 2025)
• proaktiver Reformprozess in der Disziplin
• eher Miteinander als Gegeneinander, interdisziplinärer Raum
• seriöse PP fordert keine permanenten positiven Emotionen – Wohlbefinden ist mehrdimensional
• Forschung schreitet voran

KLAUSURHALTUNG: Kritik nicht als Widerlegung verstehen, sondern als Aufforderung zu differenzierter, kontextsensibler Anwendung.";"Mayring (2012); Van Zyl (2025) · Klausurfrage 12";""
"0 Kernwissen · muss sitzen";"Welche drei Kritikpunkte gelten speziell für das Resilienzkonzept?";"1. INDIVIDUALISIERUNG UND VICTIM BLAMING
Der Fokus auf individuelle Resilienz lenkt von systemischen Problemen ab. Statt ein toxisches Arbeitsumfeld zu ändern, soll der Mitarbeitende „resilienter“ werden – Verantwortung wandert vom System zum Individuum.

2. DRUCK ZUR UNVERWUNDBARKEIT / TOXISCHE POSITIVITÄT
Legitime negative Emotionen werden unterdrückt. Resilienz wird mit dem Fehlen emotionaler Reaktion verwechselt – echte Verarbeitung und posttraumatisches Wachstum werden verhindert.

3. KULTURELLE UND KONTEXTUELLE BLINDHEIT
Modelle wie die 7 Säulen sind westlich-individualistisch geprägt. In kollektivistischen Kulturen können soziale Harmonie und Gemeinschaft zentraler sein.

FORSCHUNGSLÜCKEN
• geringe Effektstärken einzelner Faktoren
• Mangel an Längsschnittdaten vor dem Ereignis
• zu starker Fokus auf Individuen statt auf soziale Mechanismen";"Welsh (2021)";""
"0 Kernwissen · muss sitzen";"Welche Begriffe und Zahlen sollten wörtlich sitzen?";"PERSONEN UND IHRE MODELLE
• Seligman – PERMA, Begründer, Master Resilience Training
• Fredrickson – Broaden-and-Build
• Csikszentmihályi – Flow
• Peterson & Seligman – Charakterstärken, VIA
• Diener – Subjektives Wohlbefinden, SWLS
• Ryff – Psychologisches Wohlbefinden, 6 Dimensionen
• Keyes – Doppel-Kontinuum mentaler Gesundheit
• Antonovsky – Salutogenese, Kohärenzsinn
• Lyubomirsky – 50-40-10-Formel
• Cameron – Positive Leadership, 4 Strategien
• Ebner – PERMA-Lead
• Covey – Einfluss- und Betroffenheitsbereich
• Reivich & Shatté / Rampe – 7 Säulen der Resilienz

ZAHLEN
• PERMA-V: 6 Elemente, 3 Kriterien je Element
• VIA: 6 Tugenden, 24 Stärken
• Ryff: 6 Dimensionen
• Resilienz: 7 Säulen, MRT mit 6 Kernkompetenzen
• Keyes: 4 Zustände
• Cameron: 4 Strategien
• 50-40-10
• SWLS: 5 Items, 7-stufig · HSWBS: 13 Items, 6-stufig
• Flow-Kurzskala: 7-stufig, Flow / Besorgnis / Passung";"";""
"0 Kernwissen · muss sitzen";"Welche 12 Fragen gelten als typische Klausurfragen?";"1. Positive Psychologie definieren und den Perspektivenwechsel von Pathogenese zu Salutogenese erläutern
2. Glück, Wohlbefinden und Lebenszufriedenheit abgrenzen
3. Hedonisches und eudaimonisches Wohlbefinden mit Beispielen erklären
4. PERMA(V) beschreiben und die Bedeutung für Coaching darstellen
5. Broaden-and-Build erläutern und auf Change-Prozesse beziehen
6. Flow definieren und die Entstehungsbedingungen erklären
7. Charakterstärken beschreiben und die Nutzung in der Beratung zeigen
8. Resilienz definieren und von Mythen abgrenzen
9. Die 7 Säulen und das ABCDE-Modell erläutern
10. Zusammenhang von Resilienz, Salutogenese und mentaler Gesundheit erklären
11. Cameron mit PERMA-Lead vergleichen
12. Kritikpunkte an der Positiven Psychologie darstellen und diskutieren";"Klausurzusammenfassung, Abschnitt 8";""
"0 Kernwissen · muss sitzen";"Wie ist die Klausur aufgebaut und wie teile ich mir die Zeit ein?";"• 90 Minuten, 100 % der Modulnote
• maximal 90 Punkte: 90 Punkte = 1,0 · 45 Punkte = 4,0 (bestanden)
• mindestens 10 %, voraussichtlich 30 % Transferleistung (vorab bekannt)

FRAGEARTEN
• Offene Fragen – Zeit an der Punktzahl orientieren
• Multiple Choice – die Anzahl der korrekten Optionen ist angegeben. MEHR Kreuze als angegeben = 0 Punkte für die Aufgabe
• ggf. Lückentexte

FAUSTREGEL: 1 Punkt ≈ 1 Minute Schreibzeit.
Die Transferaufgabe entspricht damit rund 27 Minuten.

Orientierung an den Lernzielen der einzelnen Abschnitte.";"Skript 06";""
"0 Kernwissen · muss sitzen";"Welche sechs Themen sind laut Eingrenzung klausurrelevant?";"1. Einführung und Hauptentwicklungen
2. Wohlbefinden, Glück und Lebenszufriedenheit
3. PERMA(V): Vertiefung und Anwendung
4. Resilienz
5. Positive Leadership und PERMA-Lead
6. Kritik und Grenzen der Positiven Psychologie

NICHT klausurrelevant: Best Possible Self (laut Skript ausdrücklich ausgenommen).";"Skript 06, Folie 16";""
"1 Grundlagen";"Wie wird Positive Psychologie definiert?";"Die wissenschaftliche Erforschung dessen, was das Leben lebenswert macht.

Ein Aufruf an psychologische Wissenschaft und Anwendung,
• sich genauso mit menschlichen Stärken zu beschäftigen wie mit Schwächen,
• genauso daran interessiert zu sein, die besten Dinge im Leben zu fördern, wie die schlimmsten zu reparieren,
• sich ebenso damit zu befassen, das Leben normaler Menschen erfüllter zu machen, wie damit, Pathologie zu heilen.";"Snyder & Lopez (2021), S. 23 ff.";""
"1 Grundlagen";"Merksatz: Was bedeutet Positive Psychologie NICHT?";"Sie bedeutet nicht „alles positiv reden“ oder dauerhaft gute Laune.

Sie fragt wissenschaftlich: Was lässt Menschen, Gruppen und Organisationen aufblühen (Flourishing)?

Sie ergänzt die klinische/defizitorientierte Psychologie, ersetzt sie aber nicht. Negative Emotionen gelten als funktional und notwendig.";"";""
"1 Grundlagen";"Wer gilt als Begründer der modernen Positiven Psychologie – und in welchem Kontext?";"Martin E. P. Seligman.

• Perspektivenwechsel nach dem 2. Weltkrieg
• APA-Rede 1998 – „Die neue Psychologie“
• Zitat: „For the last 60 years psychology has been consumed with a single topic only – mental illness. And it forgot about making normal people happier.“";"Seligman (2012), Flourish";""
"1 Grundlagen";"Welchen vierfachen Perspektivenwechsel beschreibt die Positive Psychologie?";"1) Pathogenese → Salutogenese
2) Korrektur von Schwächen → Aufbau von Stärken
3) Negative Emotionen → Positive Emotionen & Kreativität
4) Reine Problembehebung → Aufbau von Lebensqualität, Wohlbefinden und Stärken";"";""
"1 Grundlagen";"Nenne die zentralen Ziele der Positiven Psychologie.";"• Stärkung individueller Erfüllung und Stärken
• Leben normaler Menschen erfüllter machen
• Wohlbefinden, Zufriedenheit, Flow, Freude und Glück fördern
• Zukunftsorientierung: Optimismus, Hoffnung, Glaube
• Prävention psychischer Belastungen durch Aufbau von Ressourcen und Kompetenzen
• Psychologie nicht nur zur Problembehebung, sondern zum Aufbau von Lebensqualität";"";""
"1 Grundlagen";"Wie sind die Schwerpunkte der Positiven Psychologie zeitlich gegliedert?";"Vergangenheit und Gegenwart:
• Wohlbefinden & Zufriedenheit
• Flow, Freude und Glück

Zukunft:
• Optimismus, Hoffnung & Glaube

Jeweils auf individueller und auf Gruppenebene.";"";""
"1 Grundlagen";"Was bedeutet der präventive Charakter der Positiven Psychologie?";"Fokus auf den Schutz vor psychischen Krankheiten durch Aufbau von Stärken, Kompetenzen und positiven Eigenschaften (z. B. Optimismus, Resilienz, mentale Stärke).

Methode: Trainingsprogramme (z. B. Resilienz, Achtsamkeit) zur Stärkung vorhandener Stärken.

Bisher wenig in der Psychotherapie genutzt, aber fester Bestandteil in Coaching und Beratung – Tendenz steigend. Anwendung auch auf gesellschaftlicher und organisationaler Ebene.";"";""
"1 Grundlagen";"Wie ist die Positive Psychologie institutionell verankert?";"• APA (American Psychological Association) seit 1998
• DGPP (Deutsche Gesellschaft für Positive Psychologie) seit 2015
• Hohe Interdisziplinarität
• Fachkongresse: IPPA World Congress, ECPP, DGPPF";"";""
"1 Grundlagen";"Was ist die „4. Welle“ der Positiven Psychologie?";"Der Schwerpunkt auf Posttraumatischem Wachstum – vertreten u. a. durch Prof. Dr. Judith Mangelsdorf.

Kernaussage: Menschen können aus Krisen nicht nur zurückkehren, sondern gereift und verändert hervorgehen.";"";""
"1 Grundlagen";"Was ist mit der kulturellen Einbettung der Positiven Psychologie gemeint?";"Die Konstrukte sind kulturell geprägt:
• Verständnis und Rolle von Achtsamkeit, Meditation etc.
• Relevanz einzelner Stärken und Charaktereigenschaften
• Glückstraditionen und Verständnis von Glück
• Zusammenspiel von Geist und Seele

Individualistische Kulturen: Selbstwert, persönliche Erfolge, individuelle Zielerreichung.
Kollektivistische Kulturen: soziale Harmonie, Pflichterfüllung, Beziehungsqualität.

Klausurhinweis: Modelle dürfen nicht unreflektiert universalisiert werden.";"";""
"1 Grundlagen";"Welche Anwendungsfelder hat die Positive Psychologie?";"• Coaching und Beratung
• Arbeits- und Organisationskontexte
• Führung (Positive Leadership)
• Prävention und Gesundheitsförderung
• Change-Prozesse
• Bildung und gesellschaftliche Ebene";"";""
"1 Grundlagen";"Welche zwei Modellgrundlagen nennt das Skript für die Positive Psychologie?";"1) PERMA-V-Modell (Seligman 2011, Erweiterung von Zhivotovskaya 2016/2021)
2) Modell des positiven Selbstmanagements (Braun et al., 2020)";"";""
"1 Grundlagen";"Welche Rolle spielen positive Emotionen und Charakterstärken als Grundbausteine?";"Beide sind zentrale Grundlagen der Positiven Psychologie:

• Positive Emotionen eröffnen Handlungs- und Denkräume (→ Broaden-and-Build)
• Charakterstärken machen individuelle Ressourcen sichtbar und für Entwicklung nutzbar";"";""
"2 Wohlbefinden & Glück";"Erkläre die Unterscheidung State vs. Trait.";"State = situationsspezifischer, aktueller Zustand (z. B. momentane Freude)
Trait = überdauernde Eigenschaft/Tendenz (z. B. langfristiges Lebensglück)

Parallele zur Angstforschung: akute Angst (State) vs. Ängstlichkeit (Trait).";"Mayring (2020)";""
"2 Wohlbefinden & Glück";"Wie unterscheiden sich Emotion und Affekt?";"Emotion: Gefühl nach innen gerichtet, wird kognitiv reflektiert, hat einen Bezug, ist komplexer.

Affekt: nach außen sichtbar, kurzfristiger, instinktiver.";"";""
"2 Wohlbefinden & Glück";"Ist Glück ein State oder ein Trait?";"Beides:
• Momentanes Glücksgefühl = State
• Langfristiges Lebensglück = Trait";"";""
"2 Wohlbefinden & Glück";"Warum ist „Glück“ ein vieldeutiger Oberbegriff? In welche zwei Hauptkomponenten wird es zerlegt?";"In der Positiven Psychologie wird „Glück“ (happiness) zerlegt in:

1) Hedonisches Wohlbefinden – „Feeling Good“
2) Eudaimonisches Wohlbefinden – „Functioning Well“";"";""
"2 Wohlbefinden & Glück";"Beschreibe hedonisches Wohlbefinden („Feeling Good“).";"Definition: Erleben positiver Emotionen (Freude, Vergnügen, Genuss) und Abwesenheit negativer Emotionen.

Fokus: affektiver, gefühlsmäßiger Aspekt des Lebens
Zeitliche Natur: oft kurzfristig, situationsabhängig, Momentzustand
Leitfrage: „Wie fühle ich mich gerade jetzt?“
Wichtiger Forscher: Daniel Kahneman (erlebendes vs. erinnerndes Selbst)";"";""
"2 Wohlbefinden & Glück";"Beschreibe eudaimonisches Wohlbefinden („Functioning Well“).";"Definition: Ein erfülltes Leben im Einklang mit den eigenen Werten und Potenzialen – Selbstverwirklichung und Sinnhaftigkeit.

Fokus: Wachstum, Sinn, Authentizität, Einbringen der eigenen Stärken
Zeitliche Natur: langfristig, prozesshaft, eine Lebenshaltung
Leitfrage: „Lebe ich ein sinnvolles und authentisches Leben?“
Wichtige Vertreter: Aristoteles (Eudaimonia), Carol Ryff, Deci & Ryan (Selbstbestimmungstheorie)";"";""
"2 Wohlbefinden & Glück";"Aus welchen Komponenten besteht Subjektives Wohlbefinden nach Diener?";"Affektive Komponenten:
• Positiver Affekt (Häufigkeit/Intensität positiver Gefühle)
• Negativer Affekt (Häufigkeit/Intensität negativer Gefühle)

Kognitive Komponenten:
• Lebenszufriedenheit (globale Bewertung)
• Domänenspezifische Zufriedenheit (z. B. Arbeit, Gesundheit, Beziehungen)";"Diener et al. (1999)";""
"2 Wohlbefinden & Glück";"Definiere Lebenszufriedenheit.";"Lebenszufriedenheit ist eine kognitive, globale Bewertung des eigenen Lebens im Vergleich zu einem selbst gesetzten Standard.

• Kognitiv: ein Gedanke/Urteil, kein Gefühl
• Global: bezieht sich auf das Leben als Ganzes
• Vergleich mit Standard: hängt von eigenen Erwartungen, Zielen und Werten ab";"";""
"2 Wohlbefinden & Glück";"Welche besonderen Merkmale hat Lebenszufriedenheit?";"• Reflexiv: erfordert Nachdenken und bewusste Bewertung
• Relativ stabil: ändert sich langsamer als momentane Stimmungen
• Gut messbar: z. B. Satisfaction with Life Scale (SWLS) von Ed Diener";"";""
"2 Wohlbefinden & Glück";"Nenne die 5 Items der deutschen Satisfaction with Life Scale (SWLS).";"1. In den meisten Bereichen entspricht mein Leben meinen Idealvorstellungen.
2. Meine Lebensbedingungen sind ausgezeichnet.
3. Ich bin mit meinem Leben zufrieden.
4. Bisher habe ich die wesentlichen Dinge erreicht, die ich mir für mein Leben wünsche.
5. Wenn ich mein Leben noch einmal leben könnte, würde ich kaum etwas ändern.

7-stufiges Antwortformat: 1 = „trifft überhaupt nicht zu“, 4 = „teils/teils“, 7 = „trifft vollständig zu“";"Janke & Glöckner-Rist (2012)";""
"2 Wohlbefinden & Glück";"Warum gilt Wohlbefinden als „holistisches Dachkonzept“?";"• Wohlbefinden (well-being) ist das umfassendste der drei Konstrukte
• Es beschreibt den Zustand des menschlichen Aufblühens (Flourishing)
• Es integriert hedonische UND eudaimonische Aspekte
• Bekanntestes Modell: PERMA (Seligman)

Merkmale: multidimensional (mehr als ein Gefühl) und aktiv gestaltbar (jede Säule ist trainierbar).";"";""
"2 Wohlbefinden & Glück";"Nenne die 6 Dimensionen des psychologischen Wohlbefindens nach Ryff (1989).";"1. Selbstakzeptanz
2. Positive Beziehungen
3. Autonomie
4. Umweltgestaltung (Umweltbewältigung)
5. Lebenssinn / Lebensaufgabe
6. Persönliches Wachstum

Fokus: Eudaimonie (Erfüllung).";"Ryff (1989)";""
"2 Wohlbefinden & Glück";"Was ist die HSWBS?";"Habituelle Subjektive Wohlbefindensskala (Dalbert, 2002).

• 13 Items, 6-stufiges Antwortformat (1 = „stimmt überhaupt nicht“ bis 6 = „stimmt genau“)
• Beispielitems: „Ich halte mich für eine glückliche Person“, „Ich fühle mich meist ziemlich fröhlich“, „Ich bin mit meinem Leben zufrieden“
• Misst habituelles (überdauerndes) Wohlbefinden";"Dalbert (2002)";""
"2 Wohlbefinden & Glück";"Welche vier Faktorengruppen beeinflussen subjektives Wohlbefinden?";"1) Persönlichkeit / Traits – z. B. Extraversion ↔ positive Emotionen, Neurotizismus ↔ negative Emotionen → individueller „Set-Point“ bzw. „Thermostat“
2) Lebensereignisse – inkl. hedonistischer Adaption; Set-Point veränderbar (z. B. lange Arbeitslosigkeit, Trauma)
3) Kultur – Prädiktoren variieren weltweit
4) Absichtsvolle Handlungen – z. B. Dankbarkeit, Optimismus, Beziehungen, Bewegung, sinnerfüllte Ziele";"";""
"2 Wohlbefinden & Glück";"Was versteht man unter hedonistischer Adaption?";"Positive oder negative Umstände sind oft nur von kurzer Wirkdauer – Menschen gewöhnen sich daran und es entsteht eine „neue Normalität“.

Konsequenz: Äußere Veränderungen (Gehalt, Auto, Umzug) verändern das Wohlbefinden langfristig weniger als erwartet.";"";""
"2 Wohlbefinden & Glück";"Erkläre die 50-40-10-Formel des Glücks.";"• ca. 50 % Set-Point / genetische Veranlagung
• ca. 40 % absichtsvolle Aktivitäten
• ca. 10 % Lebensumstände

Kernaussage: Wohlbefinden ist NICHT vollständig durch Umstände oder Gene festgelegt – ein erheblicher Teil ist aktiv gestaltbar.";"Lyubomirsky, Sheldon & Schkade (2005)";""
"2 Wohlbefinden & Glück";"Welche drei Arten absichtsvoller Aktivitäten unterscheidet Lyubomirsky?";"1) Kognitive Aktivitäten: Dankbarkeit praktizieren, Optimismus trainieren, Sorgen vermeiden, soziale Vergleiche reduzieren, positive Erlebnisse auskosten
2) Verhaltensbezogene Aktivitäten: soziale Beziehungen pflegen, Gutes für andere tun, sich bewegen, sinnerfüllte Ziele verfolgen
3) Volitionale Aktivitäten: bewusste Entscheidung, sich auf die eigenen Ziele zu konzentrieren und dranzubleiben → Selbstregulation";"";""
"2 Wohlbefinden & Glück";"Welche begrifflichen Abgrenzungen sind bei „Wohlbefinden“ wichtig?";"• Well-being (engl.) ≠ Wohlbefinden (dt.) – englisch ist breiter zu verstehen
• Happiness (engl.) unterscheidet sich vom dt. „Glück“; happiness wird oft als Synonym für well-being genutzt
• Wohlbefinden kann als Synonym für Gesundheit oder Lebenszufriedenheit verwendet werden
• Mood = Laune";"";""
"2 Wohlbefinden & Glück";"Warum ist die saubere Unterscheidung von Glück, Wohlbefinden und Zufriedenheit für Coaching relevant?";"1) Präzise Diagnostik: Was meint jemand mit „Unglücklichsein“? Fehlt es an positiven Momenten, an Sinn oder an Lebenszufriedenheit?
2) Gezielte Interventionen: je nach „Diagnose“ andere Methode, z. B. Genusstraining vs. Wertearbeit
3) Klarere Zielsetzung: vage Wünsche („glücklich sein“) in konkrete, messbare Ziele übersetzen (z. B. „mehr bedeutungsvolle Beziehungen pflegen“)";"";""
"2 Wohlbefinden & Glück";"Welche drei Formen des Glücks unterscheiden Peterson et al. (2006)?";"1) Kurzfristiges Vergnügen (z. B. Eis essen)
2) Eudämonie (z. B. heute etwas auf der Arbeit bewirken)
3) Engagement/Flow (z. B. in einer Aufgabe aufgehen, Zeit vergessen)";"Peterson, Park & Seligman (2006)";""
"2 Wohlbefinden & Glück";"Wie verhalten sich Glück, Wohlbefinden und Lebenszufriedenheit zueinander?";"Glück: mehrdeutiger Oberbegriff – momentanes Glücksgefühl ODER langfristiges Lebensglück.
Leitfrage: „Wie glücklich fühle ich mich gerade/insgesamt?“

Wohlbefinden: umfassendes Dachkonzept, integriert hedonische und eudaimonische Aspekte.
Leitfrage: „Blühe ich in meinem Leben auf?“

Lebenszufriedenheit: kognitive, globale Bewertung des eigenen Lebens.
Leitfrage: „Wie zufrieden bin ich mit meinem Leben als Ganzes?“";"";""
"2 Wohlbefinden & Glück";"Wie verhalten sich SWB (Diener) und psychologisches Wohlbefinden (Ryff) zueinander?";"Beide sind Teilkonzepte des Dachkonzepts „Wohlbefinden/Flourishing“.

SWB nach Diener – zwei Komponenten:
• affektiv: hohe positive / geringe negative Emotionen (≈ hedonisches Glück)
• kognitiv: hohe Lebenszufriedenheit

PWB nach Ryff – Fokus auf Eudaimonie: Selbstakzeptanz, persönliches Wachstum, Sinn im Leben, positive Beziehungen, Autonomie, Umweltbewältigung";"";""
"3 PERMA & Flow";"Wofür stehen die Buchstaben von PERMA-V?";"P – Positive Emotionen
E – Engagement
R – Relationships (positive Beziehungen)
M – Meaning (Sinnhaftigkeit)
A – Accomplishment (Erfolgserleben)
V – Vitalität

Ziel der Positiven Psychologie: zunehmendes Aufblühen (Flourishing) durch Verstärkung dieser Elemente.";"Seligman (2011); Zhivotovskaya (2016, 2021)";""
"3 PERMA & Flow";"Welche drei Kriterien muss ein Element erfüllen, um ein PERMA-Element zu sein?";"1. Es muss zum Wohlbefinden beitragen.
2. Seine Erreichung muss um seiner selbst willen verfolgt werden.
3. Es muss unabhängig von den anderen Elementen und messbar sein.";"";""
"3 PERMA & Flow";"PERMA: P – Positive Emotionen. Kernidee und Leitfrage?";"Kernidee: Freude, Dankbarkeit, Hoffnung, Interesse, Stolz, Gelassenheit bewusst ermöglichen – ohne negative Emotionen zu unterdrücken.

Leitfrage: „Was lässt dich gut fühlen?“";"";""
"3 PERMA & Flow";"PERMA: E – Engagement. Kernidee und Leitfrage?";"Kernidee: Im Tun aufgehen – Flow erleben und eigene Stärken nutzen. Passung zwischen Fähigkeiten und Anforderungen herstellen.

Leitfrage: „Wann bist du im Flow?“";"";""
"3 PERMA & Flow";"PERMA: R – Relationships. Kernidee und Leitfrage?";"Kernidee: Positive Beziehungen leben und Verbundenheit spüren – Unterstützung, Vertrauen, Zugehörigkeit als zentrale Ressource für Wohlbefinden.

Leitfrage: „Wer macht dich glücklich und unterstützt dich?“";"";""
"3 PERMA & Flow";"PERMA: M – Meaning. Kernidee und Leitfrage?";"Kernidee: Sinn erkennen und etwas Größerem dienen – Verbindung zu eigenen Werten und einem größeren Zweck.

Leitfrage: „Welche Werte sind dir wichtig? Was erfüllt dich?“";"";""
"3 PERMA & Flow";"PERMA: A – Accomplishment. Kernidee und Leitfrage?";"Kernidee: Zielerreichung, Kompetenz, Fortschritt und Selbstwirksamkeit – etwas schaffen und Erfolge sichtbar machen.

Leitfrage: „Was sind deine Ziele? Wie erreichst du sie?“";"";""
"3 PERMA & Flow";"PERMA-V: V – Vitalität. Kernidee?";"Kernidee: Energie, körperliche Gesundheit und Lebendigkeit. Wohlbefinden hat auch eine körperlich-energetische Seite.

Konkret: Bewegung, gesunde Ernährung, guter Schlaf, Regeneration.

Erweiterung des ursprünglichen PERMA-Modells durch Zhivotovskaya (2016, 2021).";"";""
"3 PERMA & Flow";"Welche positiven Emotionen nennt Fredrickson?";"Freude, Dankbarkeit, Gelassenheit, Liebe, Interesse, Hoffnung, Stolz, Vergnügen, Inspiration, Ehrfurcht.";"Fredrickson (2001)";""
"3 PERMA & Flow";"Was besagt die Broaden-and-Build-Theorie?";"Positive Emotionen wirken über zwei Mechanismen:

BROADEN (Erweitern): Positive Emotionen erweitern Aufmerksamkeit, Denken und Handlungsspielräume.

BUILD (Aufbauen): Durch das erweiterte Denken und Handeln werden langfristig persönliche Ressourcen aufgebaut.

Empirischer Nachweis: Positive Emotionen verbessern Leistungsfähigkeit, Ausdauer, Konzentration und Handlungsfähigkeit.";"Fredrickson (2001), American Psychologist 56(3)";""
"3 PERMA & Flow";"Was bewirkt „Broaden“ konkret?";"Positive Emotionen öffnen den Geist – wir werden:
• kreativer
• offener für neue Ideen und Informationen
• sehen mehr Möglichkeiten → „Think outside the box“
• knüpfen leichter soziale Kontakte
• Weitblick statt Tunnelblick

Beispiel: Freude lässt uns spielen wollen → wir lernen neue Fähigkeiten.";"";""
"3 PERMA & Flow";"Welche vier Ressourcenarten werden durch „Build“ aufgebaut?";"1) Intellektuell: Wissen, Problemlösefähigkeiten
2) Physisch: Koordination, Kraft (durch Spiel/Bewegung)
3) Sozial: Freundschaften, Netzwerke
4) Psychologisch: Resilienz, Optimismus, Selbstwirksamkeit";"";""
"3 PERMA & Flow";"Wie lautet die Aufwärtsspirale der Broaden-and-Build-Theorie?";"Positive Emotionen → Broaden → Build → mehr Ressourcen → mehr positive Emotionen → …";"";""
"3 PERMA & Flow";"Mit welchem Experiment wurde die Broaden-Hypothese geprüft?";"Fredrickson & Branigan (2005): Teilnehmende sahen Filme, die (a) Belustigung, (b) Zufriedenheit, (c) Neutralität, (d) Wut oder (e) Angst hervorriefen.

Operationalisierung:
• Aufmerksamkeit über Blickbewegung
• Denk- und Handlungsbreite über den „20-Statement-Test“

Ergebnis: Belustigung und Zufriedenheit erhöhten im Vergleich zu neutral die Aufmerksamkeit; Wut und Angst verringerten die Denk- und Handlungsbreite.";"Fredrickson & Branigan (2005)";""
"3 PERMA & Flow";"Warum ist Broaden-and-Build wichtig für Coaching, Beratung und Change?";"Positive Emotionen erweitern den Möglichkeitsraum:
• Menschen kommen aus dem Tunnelblick heraus
• erkennen eigene Ressourcen
• entwickeln alternative Handlungsoptionen
• bauen langfristig Resilienz, Optimismus und Selbstwirksamkeit auf

→ Erst positive Emotionen schaffen die Voraussetzung für Lernen und Veränderung.";"";""
"3 PERMA & Flow";"Definiere Flow.";"Flow beschreibt einen Zustand des vollkommenen und reflexionsfreien Vertiefens und Aufgehens in einer Tätigkeit, die persönlich herausfordernd ist und dennoch optimal gelingt, d. h. glatt und fließend abläuft.";"Csikszentmihályi (1975, 1992, 2002)";""
"3 PERMA & Flow";"Wie entsteht Flow?";"In der Balance zwischen
• persönlicher Fähigkeit und Fertigkeit (skill) und
• Anforderung der Situation bzw. Schwierigkeit der Aufgabe (challenge)

→ Herausforderung zu niedrig = Langeweile
→ Herausforderung zu hoch = Überforderung/Angst
→ Optimale Passung = Flow

Jede Tätigkeit bietet grundsätzlich die Möglichkeit für Flow (Blickhan, 2018).";"Csikszentmihályi (2002, 2018)";""
"3 PERMA & Flow";"Welche vier Wirkebenen von Flow werden unterschieden?";"• affektiv: positive Gefühle
• kognitiv: Steigerung von Aufmerksamkeitsspanne und Konzentration
• konativ: Korrelation mit Leistung und Erfolg (Beruf, Lernen)
• physiologisch: Cortisolwerte moderat erhöht";"";""
"3 PERMA & Flow";"Wie ist die Flow-Kurzskala (FKS) aufgebaut?";"Rheinberg, Vollmeyer & Engeser (2019), 7-stufige Likert-Skala („trifft nicht zu“ bis „trifft zu“):

• Items 1–10: Flow
• Items 11–13: Besorgnis
• Items 14–16: Verhältnis zwischen Flow und Besorgnis (Schwierigkeit, eigene Fähigkeiten, Passung der Anforderungen)";"Rheinberg et al. (2019)";""
"3 PERMA & Flow";"Nenne typische Items der Flow-Kurzskala.";"• Ich fühle mich optimal beansprucht.
• Meine Gedanken bzw. Aktivitäten laufen flüssig und glatt.
• Ich merke gar nicht, wie die Zeit vergeht.
• Ich habe keine Mühe, mich zu konzentrieren.
• Mein Kopf ist völlig klar.
• Ich bin ganz vertieft in das, was ich gerade mache.
• Die richtigen Gedanken/Bewegungen kommen wie von selbst.
• Ich habe das Gefühl, den Ablauf unter Kontrolle zu haben.
• Ich bin völlig selbstvergessen.

Besorgnis-Items: „Es steht etwas für mich Wichtiges auf dem Spiel“, „Ich darf jetzt keine Fehler machen“, „Ich mache mir Sorgen über einen Misserfolg“.";"";""
"3 PERMA & Flow";"Wo wird Flow in PERMA eingeordnet?";"Bei E – Engagement.

Flow ist der Kern von Engagement: im Tun aufgehen, intrinsisch motiviert, konzentriert und involviert sein.";"";""
"3 PERMA & Flow";"Definiere Charakterstärken.";"• Charakterstärken und Tugenden sind Kerncharakteristiken des menschlichen Funktionierens.
• Charakterstärken sind psychologische Merkmale, die die Tugenden definieren.
• Sie bilden einen Teil der Persönlichkeit ab.
• Annahme: über Situationen und Zeit hinweg relativ stabil – können sich aber als Resultat von Lebenserfahrungen verändern bzw. weiterentwickeln.";"Seligman & Peterson (2004)";""
"3 PERMA & Flow";"Wie funktioniert der Stärken-Check in vier Schritten?";"1. „Es ist etwas, das aus mir herausdrängt und mir Energie gibt, wenn ich es ausleben kann. Das bin wirklich ich, wenn ich das mache!“
2. „Es fehlt mir etwas, wenn ich es nicht ausleben kann.“
3. „Es kostet mich Energie, wenn ich es zurückhalten muss, weil es z. B. nicht zur Situation passt.“
4. „Es kommt auch vor, dass ich mehr davon mache, als gut ist.“";"Ebner (2024)";""
"3 PERMA & Flow";"Mit welchen Fragen können Stärken in der Beratung identifiziert werden?";"• „Wann fühlen Sie sich energiegeladen/authentisch?“
• „Was fällt Ihnen leicht?“
• „Wofür bekommen Sie Komplimente?“
• VIA-Test als Hausaufgabe vorschlagen";"";""
"3 PERMA & Flow";"Mit welchen Fragen können Stärken in der Beratung eingesetzt werden?";"• „Wie könnte Ihnen Ihre Stärke [z. B. Kreativität oder Humor] helfen, dieses Ziel zu erreichen?“
• „In welcher vergangenen Situation hat Ihnen Ihre [z. B. Ausdauer oder Mut] schon einmal geholfen?“

Grundannahme: Alle haben Stärken – sie sind individuelle Energiequellen, wenn sie gelebt werden.";"";""
"3 PERMA & Flow";"Was ist die VIA-Klassifikation?";"Die Klassifikation von Charakterstärken nach Peterson & Seligman:
• 6 Tugenden
• 24 Charakterstärken

Testmöglichkeit (im Skript genannt): persoenlichkeitsstaerken.ch

Kritikpunkt: Die feste Zahl von 6 Tugenden und 24 Stärken wird als „dogmatisch-ganzheitliche Denkformel“ kritisiert.";"";""
"3 PERMA & Flow";"Wie lautet der Lösungs- und Möglichkeits-Talk?";"STATT „Was ist das Problem?“ → „Was wünschen Sie sich stattdessen?“

STATT „Warum klappt das nicht?“ → „Was funktioniert schon gut, auch wenn es nur ein bisschen ist?“ (Ausnahmen finden)

STATT „Was sind die Hindernisse?“ → „Welche Ressourcen (innere/äußere) haben Sie, um die Herausforderung zu meistern?“";"";""
"3 PERMA & Flow";"Wie lautet die angepasste Wunderfrage?";"„Stellen Sie sich vor, über Nacht geschieht ein Wunder und Ihr Problem ist gelöst. Was wäre morgen früh das Allererste, woran Sie merken, dass das Wunder geschehen ist?“";"";""
"3 PERMA & Flow";"Klausurhinweis: Was ist Stärkenorientierung NICHT?";"Stärkenorientierung ist kein Schönreden und kein Ignorieren von Problemen.

Es geht darum, Ressourcen sichtbar zu machen und für realistische Zielerreichung nutzbar zu machen.";"";""
"4 Mentale Gesundheit";"Was bedeutet ein dimensionales Verständnis von mentaler Gesundheit?";"Gesundheit ist kein „entweder … oder“.

Menschen können gleichzeitig mehr oder weniger krank UND mehr oder weniger gesund sein. Gesundheit und Krankheit liegen auf einem Kontinuum.

Daraus folgt: Wer keine diagnostizierte psychische Störung hat, ist nicht automatisch mental gesund.";"";""
"4 Mentale Gesundheit";"Was ist der Unterschied zwischen Pathogenese und Salutogenese?";"Pathogenese fragt: Was macht krank?
Salutogenese fragt: Was hält gesund?";"Antonovsky";""
"4 Mentale Gesundheit";"Stelle Pathogenese und Salutogenese in sechs Punkten gegenüber.";"PATHOGENESE | SALUTOGENESE
1) Entstehung von Krankheit | Entstehung von Gesundheit
2) Dichotomie (Krankheit/Gesundheit schließen sich aus) | Gesundheits-Krankheits-Kontinuum
3) Fokus auf einzelne Symptome und Beschwerden | Ganzheitliche Betrachtung inkl. Lebenssituation und -geschichte
4) Blick auf Risikofaktoren | Blick auf Bewältigungsressourcen und Kohärenzsinn
5) Intervention: Einsatz von Heilmitteln | Intervention: aktive Anpassung, Ressourcenentwicklung, Risikoreduktion
6) Bio-medizinisches Modell | Biopsychosoziales Modell";"";""
"4 Mentale Gesundheit";"Definiere den Kohärenzsinn.";"Der Kohärenzsinn ist eine globale Orientierung, die das Maß ausdrückt, in dem man ein durchdringendes, andauerndes, aber dynamisches Gefühl des Vertrauens hat, dass die eigene interne und externe Umwelt vorhersagbar ist und dass es eine hohe Wahrscheinlichkeit gibt, dass sich die Dinge so entwickeln werden, wie vernünftigerweise erwartet werden kann.

Hohe Kohärenz führt dazu, dass Ressourcen im Sinne der mentalen Gesundheit aktiviert werden.";"Antonovsky (1997), S. 16";""
"4 Mentale Gesundheit";"Nenne die drei Komponenten des Kohärenzsinns.";"1. Verstehbarkeit
2. Handhabbarkeit
3. Sinnhaftigkeit";"";""
"4 Mentale Gesundheit";"Was beschreibt das Doppel-Kontinuum der mentalen Gesundheit nach Keyes (2002)?";"Zwei unabhängige Dimensionen:
• Achse 1: Vorliegen/Ausmaß einer psychischen Erkrankung
• Achse 2: Ausmaß mentalen Wohlbefindens

Daraus ergeben sich vier Zustände:
• Flourishing / Aufblühen (hohes Wohlbefinden, keine Erkrankung)
• Languishing / Verkümmern (niedriges Wohlbefinden, keine Erkrankung)
• Kämpfend (Erkrankung, aber hohes Wohlbefinden)
• Strauchelnd (Erkrankung und niedriges Wohlbefinden)";"Keyes (2002)";""
"4 Mentale Gesundheit";"Was bedeutet Languishing – und warum ist es klausurrelevant?";"Languishing = Verkümmern: niedriges mentales Wohlbefinden OHNE zwingend diagnostizierte psychische Erkrankung.

Relevanz: Zeigt, dass die Abwesenheit von Krankheit nicht ausreicht. Coaching setzt genau hier an – Bewegung von Languishing in Richtung Flourishing.";"";""
"4 Mentale Gesundheit";"Was heißt „Coaches sind Architekten des Aufblühens“?";"• Coaches sind nicht „nur“ Reparateure von Defiziten
• Fokus auf die vertikale Achse: Menschen von Languishing zu Flourishing begleiten
• Ressourcen von „kämpfenden“ Klient:innen erkennen und würdigen
• Bei klinischen Themen: Kooperation bzw. Kombination mit Therapeut:innen";"";""
"4 Mentale Gesundheit";"Wie hängen Salutogenese, mentale Gesundheit, Wohlbefinden und Resilienz zusammen?";"• Salutogenese = übergeordnetes Paradigma/Philosophie mit Ressourcenfokus
• Mentale Gesundheit (Keyes) = differenziertes Diagnosemodell, um den Zustand einer Person zu verorten
• Wohlbefinden/Flourishing = Ziel bzw. Optimalzustand innerhalb dieses Modells
• Resilienz = dynamischer Prozess bzw. Motor, der Bewegung in dem Modell ermöglicht: schützt vor dem Abrutschen in Krankheit (horizontal) und treibt Wachstum Richtung Flourishing an (vertikal)";"";""
"5 Resilienz";"Definiere Resilienz (wissenschaftlich).";"„Resilienz ist der Prozess der guten Anpassung angesichts von Widrigkeiten, Traumata, Tragödien, Bedrohungen oder signifikanten Stressquellen.“ (in Anlehnung an die APA)

→ nicht statisch, sondern flexibel
→ dynamischer Anpassungsprozess
→ es gibt „Widrigkeiten“ – ohne Belastung keine Resilienz
→ kritischer Diskurs; es gibt NICHT die eine einheitliche Definition";"APA; Wessa (2025)";""
"5 Resilienz";"Woher stammt der Begriff Resilienz und was bedeutet er in Physik und Psychologie?";"• Lat.: „zurückspringen“, „abprallen“
• Physik: in die ursprüngliche Form zurückfinden
• Psychologie: Widerstandsfähigkeit; Aushalten und Bewältigen von Krisen; positiver Umgang mit Stress und kritischen Ereignissen";"";""
"5 Resilienz";"Mythos 1: „Resilienz bedeutet, nach einer Krise schnell wieder der/die Alte zu sein.“";"FALSCH.

Resilienz bedeutet nicht unbedingt die Rückkehr zum exakten Ausgangszustand. Oft entsteht posttraumatisches Wachstum: Menschen entwickeln neue Prioritäten, Stärken oder eine tiefere Wertschätzung für das Leben.

→ Nicht „die Alten“, sondern eine veränderte, oft reifere Version ihrer selbst.";"";""
"5 Resilienz";"Mythos 2: „Resilienz ist dasselbe wie Härte oder ein dickes Fell.“";"FALSCH.

Härte impliziert oft Unflexibilität und das Abblocken von Emotionen.

Resilienz erfordert psychologische Flexibilität – die Fähigkeit, sich anzupassen, Emotionen zu akzeptieren (statt sie zu unterdrücken) und aus Erfahrungen zu lernen.";"";""
"5 Resilienz";"Mythos 3: „Resilienz braucht man nur in großen Lebenskrisen.“";"FALSCH.

Resilienz ist auch die Fähigkeit, mit alltäglichen Stressoren, kleinen Rückschlägen und chronischem Druck umzugehen.

Diese „Mikro-Resilienz“ ist entscheidend, um das tägliche Wohlbefinden aufrechtzuerhalten.";"";""
"5 Resilienz";"Mythos 4: „Wer resilient ist, braucht keine Hilfe von anderen.“";"FALSCH – einer der größten Mythen.

Soziale Unterstützung und die Fähigkeit, um Hilfe zu bitten, sind zentrale Säulen der Resilienz. Resiliente Menschen sind oft besonders gut darin, ihre sozialen Netzwerke zu aktivieren und zu nutzen.

Resilienz ist keine rein individualistische „Einzelkämpfer“-Leistung.";"";""
"5 Resilienz";"Mythos 5: „Optimismus ist der wichtigste Faktor für Resilienz.“";"FALSCH.

Optimismus ist wichtig, aber nicht allein entscheidend – blinder Optimismus kann sogar schaden.

Wichtiger ist realistischer Optimismus, gepaart mit Akzeptanz, Problemlösekompetenz und der Fähigkeit, soziale Unterstützung zu mobilisieren. Ein resilienter Mensch ist Optimist, Realist UND Macher.";"";""
"5 Resilienz";"Was war die Kauai-Studie und was hat sie gezeigt?";"Pionierarbeit, die den Begriff Resilienz populär machte (Werner & Smith, 1982).

• Über 30 Jahre wurde ein Geburtsjahrgang von 698 Kindern auf Kauai/Hawaii begleitet
• Viele litten unter erheblichen Risikofaktoren (Armut, perinatale Komplikationen, psychische Störungen der Eltern)
• Ergebnis: ca. ein Drittel entwickelte sich zu fürsorglichen, kompetenten und zuversichtlichen Erwachsenen
• Fokusverschiebung von Risiko- zu Schutzfaktoren (z. B. enge Bindung zu mindestens einer Bezugsperson, positives soziales Umfeld)";"Werner & Smith (1982)";""
"5 Resilienz";"Welchen Beitrag leistete Michael Rutter zur Resilienzforschung?";"Rutter konzeptualisierte Resilienz als dynamischen, interaktiven Prozess.

Seine Forschung zeigte: Es ist die Interaktion zwischen Individuum und Umwelt, die Resilienz hervorbringt.

Fragefokus: „Welche Prozesse führen zu resilienten Ergebnissen?“";"Rutter (1987)";""
"5 Resilienz";"Was bedeutet „Ordinary Magic“ nach Ann Masten?";"Resilienz entsteht NICHT aus seltenen, übermenschlichen oder außergewöhnlichen Eigenschaften.

Sie ist das Ergebnis der normalen Funktionsweise fundamentaler menschlicher adaptiver Systeme:
• sicheres Bindungssystem
• kognitive Problemlösefähigkeiten
• Systeme zur Selbstregulation von Emotionen und Aufmerksamkeit
• Erleben von Selbstwirksamkeit
• funktionierende soziale Systeme (Familie, Schule, Gemeinschaft)";"Masten (2001)";""
"5 Resilienz";"Nenne die 7 Säulen der Resilienz.";"1. Akzeptanz
2. Optimismus
3. Lösungsorientierung
4. Verlassen der Opferrolle (Selbstwirksamkeit)
5. Verantwortung übernehmen
6. Netzwerkorientierung (Beziehungsgestaltung)
7. Zukunftsplanung";"Reivich & Shatté (2002); Rampe (2005)";""
"5 Resilienz";"7 Säulen – Was bedeutet Akzeptanz?";"Annehmen, was nicht veränderbar ist, und Energie auf das Machbare lenken.

Evidenz: Psychologische Flexibilität – schwierige Gefühle akzeptieren und werteorientiert handeln – ist ein Kernmechanismus psychischer Gesundheit (ACT-Forschung, Hayes 2019).";"";""
"5 Resilienz";"7 Säulen – Was bedeutet Optimismus?";"Glaube an eine positive Zukunft und die eigene Gestaltungsfähigkeit.

Evidenz: Optimismus korreliert signifikant mit besseren Bewältigungsstrategien und geringeren Entzündungswerten im Körper bei Stress (Scheier & Carver, 2018).";"";""
"5 Resilienz";"7 Säulen – Was bedeutet Lösungsorientierung?";"Fokus auf Lösungen statt (ausschließlich) auf Probleme.

Evidenz: Eine hohe Selbstwirksamkeitserwartung ist einer der stärksten Prädiktoren für Zielerreichung und Ausdauer bei Rückschlägen (Talsma et al., 2018).";"";""
"5 Resilienz";"7 Säulen – Was bedeutet „Verlassen der Opferrolle“ / Selbstwirksamkeit?";"Überzeugung, Einfluss auf das eigene Leben nehmen zu können.

Evidenz: Ein internaler Kontrollüberzeugungs-Locus („Ich habe Einfluss“) ist konsistent mit höherer Lebenszufriedenheit und proaktiverem Gesundheitsverhalten assoziiert als ein externaler Locus („Andere/das Schicksal bestimmen“) (Nowicki, 2017).";"";""
"5 Resilienz";"7 Säulen – Was bedeutet Verantwortung übernehmen?";"Verantwortung für das eigene Handeln und Fühlen übernehmen.

Verbunden mit Coveys Unterscheidung von Betroffenheitsbereich (Circle of Concern) und Einflussbereich (Circle of Influence).";"";""
"5 Resilienz";"7 Säulen – Was bedeutet Netzwerkorientierung?";"Aktives Pflegen und Nutzen sozialer Unterstützung (Beziehungsgestaltung).

Evidenz: Soziale Unterstützung wirkt als „Stress-Puffer“. Neurobiologische Studien zeigen, dass soziale Verbundenheit die Ausschüttung von Oxytocin fördert, was die physiologische Stressreaktion (Cortisol) dämpft (Inagaki & Eisenberger, 2016).";"";""
"5 Resilienz";"7 Säulen – Was bedeutet Zukunftsplanung?";"Sich realistische und sinnstiftende Ziele setzen.

Evidenz: Die Fähigkeit zur „prospektiven Kognition“ – dem mentalen Simulieren zukünftiger Ereignisse und Ziele – ist entscheidend für motiviertes Handeln und die Regulation von Emotionen in der Gegenwart (Seligman et al., 2013, Homo Prospectus).";"";""
"5 Resilienz";"Was unterscheidet Betroffenheitsbereich und Einflussbereich (Covey)?";"Betroffenheitsbereich („Circle of Concern“): alles, was mich beschäftigt und betrifft, worauf ich aber keinen Einfluss habe → Akzeptanz

Einflussbereich („Circle of Influence“): das, worauf ich tatsächlich einwirken kann → Gestaltungsprinzip

Innerster Kern = Kontrolle: das eigene Verhalten und die eigenen Gedanken.";"Covey (1989, 2004)";""
"5 Resilienz";"Was ist das Master Resilience Training (MRT)?";"Kern des „Comprehensive Soldier Fitness“ (CSF)-Programms, das Seligman für die U.S. Army entwickelt hat.

Ziel: Behandlung von PTBS UND präventive Stärkung der psychologischen Fitness, um auf Widrigkeiten vorzubereiten.

Kernbotschaft: Resilienz ist trainierbar – als kognitive und emotionale Fähigkeit.";"Seligman (2011), Flourish, Kap. 5";""
"5 Resilienz";"Nenne die 6 Kernkompetenzen des Master Resilience Trainings.";"1. Selbst-Bewusstheit (Self-Awareness): eigene Gedanken, Emotionen und Reaktionen in Stresssituationen erkennen
2. Selbst-Regulation (Self-Regulation): Emotionen und Impulse steuern, z. B. durch Atemtechniken
3. Optimismus: Anwendung des ABCDE-Modells zur Umstrukturierung pessimistischer Gedanken
4. Mentale Agilität: Probleme aus verschiedenen Perspektiven betrachten und „Denkfallen“ erkennen
5. Charakterstärken: eigene VIA-Signaturstärken kennen und bewusst zur Bewältigung einsetzen
6. Verbindung (Connection): starke soziale Beziehungen als Schutzfaktor aufbauen und pflegen";"";""
"5 Resilienz";"Wofür stehen die Buchstaben des ABCDE-Modells?";"A – Adversity (Auslöser): Was ist objektiv passiert?
B – Beliefs (Bewertungen): Welche Gedanken gingen mir sofort durch den Kopf?
C – Consequences (Konsequenzen): Was war die Folge dieser Gedanken – Gefühle und Verhalten?
D – Disputation (Diskussion): Die Gedanken aus B in Frage stellen.
E – Energization (Neue Energie): Was ist das Ergebnis der Diskussion?";"";""
"5 Resilienz";"ABCDE: Welche vier Strategien gehören zum Schritt D – Disputation?";"1) Evidenz: Welche Beweise gibt es wirklich für diesen Gedanken? Welche dagegen?
2) Alternativen: Gibt es eine andere, wohlwollendere oder realistischere Erklärung?
3) Nützlichkeit: Hilft mir dieser Gedanke, mein Ziel zu erreichen, oder blockiert er mich?
4) Worst-Case (De-Katastrophisierung): Selbst wenn der Gedanke wahr wäre – was wäre das Schlimmste? Könnte ich damit umgehen? Wie?";"";""
"5 Resilienz";"ABCDE: Was passiert im Schritt E – Energization?";"Was ist das Ergebnis der Diskussion?

• Gefühle: Wie fühle ich mich jetzt, nachdem ich meine Gedanken hinterfragt habe?
• Verhalten: Welcher konstruktive nächste Schritt ergibt sich daraus? Was tue ich jetzt?";"";""
"5 Resilienz";"Kritik an Resilienz – Kritikpunkt 1: Individualisierung und Victim Blaming.";"Der Fokus auf individuelle Resilienz kann von systemischen Problemen ablenken.

Statt ein toxisches Arbeitsumfeld zu verändern, wird vom Mitarbeitenden verlangt, „resilienter“ zu werden. Die Verantwortung wird vom System auf das Individuum verschoben.";"Welsh (2021)";""
"5 Resilienz";"Kritik an Resilienz – Kritikpunkt 2: Druck zur Unverwundbarkeit und toxische Positivität.";"Das Ideal des „unverwundbaren“ resilienten Menschen kann dazu führen, dass legitime negative Emotionen wie Trauer, Wut oder Angst unterdrückt werden.

Resilienz wird mit dem Fehlen emotionaler Reaktion verwechselt. Echte Verarbeitung und posttraumatisches Wachstum werden so verhindert.";"";""
"5 Resilienz";"Kritik an Resilienz – Kritikpunkt 3: Kulturelle und kontextuelle Blindheit.";"Viele Resilienzmodelle (z. B. die 7 Säulen) sind westlich-individualistisch geprägt – etwa durch den Fokus auf Selbstwirksamkeit und Optimismus.

In kollektivistischen Kulturen könnten soziale Harmonie, das Akzeptieren des Schicksals oder die Stärke der Gemeinschaft zentralere Resilienzfaktoren sein.";"";""
"5 Resilienz";"Welche drei Forschungslücken/Limitationen gibt es bei Resilienz?";"1) Geringe Effektstärken: Die meisten identifizierten Resilienzfaktoren weisen für sich genommen nur sehr kleine bis kleine Effekte auf.
2) Mangel an Längsschnittdaten: Viele Studien haben keine Daten aus der Zeit VOR dem belastenden Ereignis – das erschwert die Identifikation tatsächlicher Schutzfaktoren.
3) Fokus auf Individuen: Interventionsprogramme konzentrieren sich stark auf das Individuum; soziale und gesellschaftliche Mechanismen sind unzureichend untersucht.";"";""
"5 Resilienz";"Fasse Resilienz in drei Kernsätzen zusammen.";"1) Resilienz ist ein trainierbarer Prozess, keine angeborene Eigenschaft.
2) Sie ist der Motor für mentale Gesundheit und hilft, in Richtung Flourishing zu wachsen.
3) Als Coaches können wir Klient:innen helfen, ihre persönliche Resilienz-Landschaft zu verstehen und gezielt zu kultivieren.

„Zwischen Reiz und Reaktion liegt ein Raum. In diesem Raum liegt unsere Macht zur Wahl unserer Reaktion. In unserer Reaktion liegen unsere Entwicklung und unsere Freiheit.“ – Viktor E. Frankl";"";""
"5 Resilienz";"Nenne aktuelle Forschungsbefunde zu Resilienz.";"• Hu et al. (2015, Meta-Analyse): Hohe Resilienz ↔ niedrige depressive Verstimmung; hohe Resilienz ↔ hohe Lebenszufriedenheit. Korrelationen stärker bei Frauen.
• Stokburger-Sauer et al. (2023): Hohe Resilienz ↔ bessere Bewältigung von Life-Events (z. B. COVID-19) und gesündere Coping-Mechanismen.
• Schäfer et al. (2024): Resiliente Reaktion wird durch individuelle, soziale UND gesellschaftliche Ebenen bestimmt.
• Troy et al. (2023): Kritische Reflexion und Konzeptualisierung von Resilienz als Affektregulations-Framework.";"";""
"6 Positive Leadership";"Worauf konzentriert sich Führung häufig – und wie lautet die Leitfrage des Positive-Leadership-Ansatzes?";"Ausgangslage klassischer Führung:
• Problemlösung, Fehleranalyse, „Feuer löschen“
• Schließen von Leistungs- und Kompetenzlücken (Defizitorientierung)
• Umgang mit Konflikten und Stressfaktoren
• Zielerreichung durch Kontrolle und Anweisung

Leitfrage Positive Leadership:
„Was wäre, wenn wir uns darauf konzentrieren, was Organisationen und Menschen Leben, Energie und Leistungsfähigkeit verleiht?“";"";""
"6 Positive Leadership";"Welche zwei theoretischen Ansätze des Positive Leadership behandelt das Skript?";"1) Positive Leadership und Positive Organizational Scholarship nach Cameron
2) PERMA-Lead® nach Ebner";"";""
"6 Positive Leadership";"Was ist das Ziel von Positive Leadership nach Cameron?";"„Positiv deviante“ Leistungen ermöglichen – also Ergebnisse, die weit über den Durchschnitt hinausragen.

Es geht NICHT darum, Probleme zu ignorieren, sondern die Bedingungen für außergewöhnliches Gedeihen (Flourishing) zu schaffen.";"Cameron (2012)";""
"6 Positive Leadership";"Nenne die vier Strategien von Positive Leadership nach Cameron.";"1. Positive Climate
2. Positive Relationships
3. Positive Communication
4. Positive Meaning";"Cameron (2012)";""
"6 Positive Leadership";"Cameron – Was bedeutet Positive Climate?";"• Fokus auf Empathie und Dankbarkeit
• Schaffung von psychologischer Sicherheit, in der Fehler als Lernchancen gesehen werden

Kontrast: Statt „Wer ist für diesen Fehler verantwortlich?“ → „Was können wir gemeinsam aus diesem Fehler lernen?“";"";""
"6 Positive Leadership";"Cameron – Was bedeutet Positive Relationships?";"• Interaktionen, die Energie geben statt entziehen
• Aufbau von Vertrauen und gegenseitigem Respekt
• Stärken im anderen erkennen und benennen

Kontrast: Statt „Lassen Sie uns direkt zur Sache kommen.“ → „Wie geht es Ihnen? Was hat Sie diese Woche beschäftigt?“";"";""
"6 Positive Leadership";"Cameron – Was bedeutet Positive Communication?";"• Einsatz bekräftigender und unterstützender Sprache
• Aufrechterhaltung einer hohen Ratio von positiven zu negativen Aussagen (vgl. Losada & Heaphy, 2004)

Kontrast: Statt Fokus auf das jährliche Kritikgespräch → regelmäßiges, spezifisches Feedback zu Stärken und Erfolgen im Alltag.";"Losada & Heaphy (2004)";""
"6 Positive Leadership";"Cameron – Was bedeutet Positive Meaning?";"• Die Arbeit mit den persönlichen Werten der Mitarbeitenden verbinden
• Den Beitrag der täglichen Aufgaben zum „großen Ganzen“ (Zweck, Vision) aufzeigen

Kontrast: Statt „Unsere Abteilung muss X % Umsatzsteigerung erreichen.“ → „Durch unsere Arbeit helfen wir unseren Kunden, Y zu erreichen. Jeder Beitrag zählt.“";"";""
"6 Positive Leadership";"Welche „harten Fakten“ liefert die Cameron-Studie (2011)?";"• 40 Geschäftseinheiten eines großen Finanzdienstleistungsunternehmens wurden untersucht
• Strategische Ausrichtung: positive organisationale Praktiken (Mitgefühl, Dankbarkeit, Integrität, Vertrauen) aktiv in die Unternehmenskultur integrieren
• Ergebnis: Einheiten, die diese Praktiken am stärksten verbesserten, erzielten statistisch signifikant bessere Rentabilitätswerte";"Cameron, Mora, Leutscher & Calarco (2011)";""
"6 Positive Leadership";"Was ist die Grundidee von PERMA-Lead® nach Ebner?";"PERMA-Lead überträgt das PERMA-Modell auf Führung – zur „Stärkung der Stärken der Beschäftigten“.

Führung soll ermöglichen:
• positive Emotionen erleben
• Engagement und Flow fördern
• positive Beziehungen stärken
• Sinn vermitteln
• Erreichtes sichtbar machen";"Ebner (2017, 2024)";""
"6 Positive Leadership";"PERMA-Lead: Positive Emotionen – Kerngedanke und Bedeutung für Führung?";"Kerngedanke: Bewusstes Fördern und Erleben positiver Gefühle (Freude, Dankbarkeit, Hoffnung, Interesse, Stolz, Gelassenheit) im Arbeitskontext. Es geht nicht darum, negative Emotionen zu unterdrücken, sondern den Raum für positive zu erweitern.

Bedeutung:
• steigert Kreativität und Offenheit für Neues
• verbessert Problemlösefähigkeiten
• baut psychologische Ressourcen und Resilienz auf
• fördert positives Arbeitsklima und soziale Bindungen
• erhöht Motivation und Engagement";"";""
"6 Positive Leadership";"PERMA-Lead: Engagement – Kerngedanke und Bedeutung für Führung?";"Kerngedanke: Das Gefühl, in der Tätigkeit aufzugehen, konzentriert, involviert und intrinsisch motiviert zu sein („Flow“). Passung zwischen Herausforderungen der Aufgabe und eigenen Fähigkeiten/Stärken.

Bedeutung:
• steigert Leistung und Produktivität
• erhöht Arbeitszufriedenheit und Bindung ans Unternehmen
• fördert Lernen und Kompetenzentwicklung
• stärkt das Gefühl der Selbstwirksamkeit";"";""
"6 Positive Leadership";"PERMA-Lead: Relationships – Kerngedanke und Bedeutung für Führung?";"Kerngedanke: Erleben von Zugehörigkeit, gegenseitiger Unterstützung, Vertrauen und Wertschätzung; Gefühl, Teil einer Gemeinschaft zu sein, auf die man sich verlassen kann.

Bedeutung:
• essentiell für Wohlbefinden und psychische Gesundheit
• baut Vertrauen und psychologische Sicherheit auf – Basis für offene Kommunikation
• fördert Teamzusammenhalt und effektive Zusammenarbeit
• dient als Puffer bei Stress (soziale Unterstützung)
• erhöht Bindung an Team und Unternehmen";"";""
"6 Positive Leadership";"PERMA-Lead: Meaning – Kerngedanke und Bedeutung für Führung?";"Kerngedanke: Das Gefühl, dass die eigene Arbeit bedeutsam ist und zu etwas beiträgt, das über einen selbst hinausgeht; Verbindung der Tätigkeit mit persönlichen Werten oder einem größeren Zweck (Vision, Mission).

Bedeutung:
• stärkster Treiber für langfristige Motivation und Engagement
• erhöht Arbeitszufriedenheit
• steigert Resilienz gegenüber Schwierigkeiten und Rückschlägen
• fördert das Gefühl, einen positiven Beitrag zu leisten
• hilft bei der Priorisierung von Aufgaben";"";""
"6 Positive Leadership";"PERMA-Lead: Achievement – Kerngedanke und Bedeutung für Führung?";"Kerngedanke: Gefühl von Kompetenz und Selbstwirksamkeit durch Zielerreichung, Meistern von Herausforderungen und Wahrnehmen von Fortschritt.

Bedeutung:
• stärkt Selbstvertrauen und Motivation
• fördert das Gefühl, wirksam zu sein
• gibt Orientierung und Struktur
• macht Fortschritt sichtbar und messbar
• trägt maßgeblich zur Arbeitszufriedenheit bei";"";""
"6 Positive Leadership";"Vergleiche Cameron und PERMA-Lead: Fokus, Anwendung, Gemeinsamkeiten.";"FOKUS
Cameron: stärker auf den organisationalen Kontext und die Kultur, die eine Führungskraft schafft (Klima, Kommunikation)
PERMA-Lead: stärker auf die individuellen psychologischen Bedürfnisse und Wohlbefindens-Faktoren der Mitarbeitenden

ANWENDUNG
Cameron: gibt strategische Richtungen für die Kulturentwicklung vor
PERMA-Lead: bietet ein konkretes Framework für die tägliche Führungsarbeit und Mitarbeitergespräche

GEMEINSAMKEITEN
• beide ressourcen- und stärkenorientiert
• beide betonen Sinn (Meaning) und positive Beziehungen (Relationships)
• beide zielen auf eine Win-Win-Situation: Wohlbefinden UND Leistung";"";""
"6 Positive Leadership";"Welche drei Testverfahren gehören zur PERMA-Lead-Diagnostik?";"1. Profiler
2. Leadership- und Managementkompetenzen
3. Führungs- und Organisationskulturanalyse";"perma-lead.com/testverfahren";""
"6 Positive Leadership";"Was misst und zeigt der PERMA-Lead-Profiler?";"• Befragung der Führungskraft zu ihrem Positive-Leadership-Führungsverhalten
• Zusätzlich werden Erwartungshaltung an den eigenen Führungsstil und Motivation zur Weiterentwicklung sichtbar
• Online, ca. 15 Minuten Bearbeitungsdauer
• Entwicklungspotenzial wird sichtbar durch die Differenz zwischen Verhalten und eigenen Erwartungen
• 13-seitiger Auswertungsbericht";"";""
"6 Positive Leadership";"Erkläre die P-P-5-Technik.";"Schritt 1 – Positives 1: Die Stärke analysieren
Was konkret läuft gut? Welche Beispiele gibt es? Warum funktioniert das gut? Welche Stärken stehen dahinter? Wer ist beteiligt? Wie geht es den Beteiligten, wenn es gut läuft?

Schritt 2 – Positives 2: Potenziale im Entwicklungsfeld finden
Bereich mit dem größten Entwicklungspotenzial (niedrigster Wert und/oder größte Differenz). Was läuft in DIESEM Bereich bereits gut?

Schritt 3 – 5 %: Konkrete Verbesserungs-Impulse
Was kann getan werden, um den Bereich um 5 % zu verbessern? Was kann die Führungskraft selbst tun?";"";""
"6 Positive Leadership";"Welche Evidenz gibt es für Positive Leadership im Krankenhaus (Ebner)?";"Fluktuation („Wie häufig haben Sie in den letzten 9 Monaten überlegt, Ihren Job zu verlassen?“):
je höher das PERMA-Lead-Verhalten der Führungskraft, desto geringer die Fluktuationsneigung (3,3 → 1,9); r = -.291, p < 0,001

Burnout:
je höher das PERMA-Lead-Verhalten, desto geringer die Burnout-Werte (2,1 → 1,3); r = -.392, p < 0,001";"Ebner (2024)";""
"6 Positive Leadership";"Welche Grenzen und kritischen Punkte hat Positive Leadership?";"• Kein „Schönwetter-Konzept“: gerade in Krisen relevant; bedeutet nicht, Schwierigkeiten zu ignorieren
• Authentizität ist entscheidend: aufgesetzte Positivität ist kontraproduktiv; die Haltung muss echt und die Praxis konsistent sein
• Anspruchsvoll für die Führungskraft: erfordert hohe Selbstreflexion, emotionale Intelligenz und die Bereitschaft, traditionelle Machtstrukturen zu hinterfragen
• Kontextabhängigkeit: Ein rein positiver Ansatz kann in hochgradig sicherheitskritischen oder akuten Notfallsituationen unangebracht sein";"";""
"7 Kritik & Grenzen";"Kritik an der Positiven Psychologie: Was ist mit „Oberflächlichkeit“ gemeint?";"• Wenig differenzierte Betrachtung im Vergleich zu anderen (Forschungs-)strömungen
• Konstrukte wie Glück, Freude, Zufriedenheit und Wohlbefinden sind komplex und dürfen nicht eindimensional betrachtet werden
• Gesellschaftliche und biographische Voraussetzungen sowie Lebensbedingungen wirken als mögliche Moderatorvariablen und müssen berücksichtigt werden";"Mayring (2012)";""
"7 Kritik & Grenzen";"Welche sechs Ideologiemerkmale nach Salamun lassen sich in der Positiven Psychologie identifizieren?";"1. Absolutheits- und Ausschließlichkeitsansprüche
2. Charismatische Führungspersonen
3. Immunisierungsstrategien durch Leerformeln, Suggestivdefinitionen und Zirkelargumente
4. Dichotomisierende Denkformeln
5. Dogmatisch-ganzheitliche Denkformeln
6. Utopisch-messianische Heilsideen";"Salamun (2001); Mayring (2012)";""
"7 Kritik & Grenzen";"Kritik: Absolutheits- und Ausschließlichkeitsansprüche – Belege und Gegenfrage?";"Belege:
• „A positive clinical psychology grounded in positive psychology's ideology of health, happiness and human strengths“ (Maddux et al., 2004)
• „Positive psychology represents a potential ›golden era‹ in 21th-century America“ (Snyder & Lopez, 2007)

Gegenfrage: Wird dadurch wirklich der Ethos und das Tun der bisherigen psychologischen Richtungen in Frage gestellt?";"";""
"7 Kritik & Grenzen";"Kritik: Charismatische Führungspersonen – Vorwurf und Gegenfrage?";"Vorwurf: Seligman als Begründer und Repräsentant der Positiven Psychologie, der Weltgemeinschaft für Positive Psychologie sowie diverser Studiengänge.

Gegenfrage: Inwiefern haben wir das in anderen Richtungen der Psychologie nicht auch (gehabt), z. B. Freud?";"";""
"7 Kritik & Grenzen";"Kritik: Immunisierungsstrategien durch Leerformeln – Belege und Gegenfrage?";"Belege:
• „Uncovering people's strengths and promoting their positive functioning“ (Snyder & Lopez, 2007)
• „Cultivating positive emotions to optimize health and well-being“ (Fredrickson, 2000)

Gegenfrage: Inwiefern sind dies wirklich Leerformeln und Suggestionen? Was ist daran negativ? Wie würde uns eine Perspektive im Sinne der Pathologie weiterbringen?";"";""
"7 Kritik & Grenzen";"Kritik: Dichotomisierende Denkformeln – worum geht es?";"• Klare Dichotomisierung von Pathologie vs. Positiver Psychologie
• Es wird der Anschein erweckt, andere Richtungen hätten sich noch nicht mit Stärken, Gesundheit und einer positiven Sichtweise beschäftigt

Gegenfrage/Einordnung: Was verbessert sich durch diese Perspektive? Auch die WHO-Gesundheitsdefinition enthält bereits Wohlbefinden. Positive Psychologie ist eher Ergänzung und Erweiterung als Ersatz.";"";""
"7 Kritik & Grenzen";"Kritik: Dogmatisch-ganzheitliche Denkformeln – worum geht es?";"• Die feste Struktur von sechs Tugenden und 24 Stärken (VIA)
• Fehlende und zu vereinfacht dargestellte empirische Erkenntnisse

Gegenfrage: In welchen anderen Disziplinen und psychologischen Richtungen finden wir Ähnliches?";"";""
"7 Kritik & Grenzen";"Was ist mit „Zwangsbeglückung“ gemeint?";"Kritik, dass Positive Psychologie das Glücklichsein zur Pflicht macht:
• „Zwangsbeglückung“ (Utsch, 2011)
• „Aufgabe, das Glück zu finden“ (Ahmed, 2010)

Hintergrund: Steigendes Angebot von und Nachfrage nach Coaching/Trainings zur mentalen Stärke und Selbstoptimierung – bei gleichzeitig steigender Nachfrage nach Psychotherapie und steigender Zahl diagnostizierter psychischer Erkrankungen.

Diskussionsfrage: Spricht das pro oder contra Positive Psychologie – und warum?";"";""
"7 Kritik & Grenzen";"Warum sind negative Emotionen aus Sicht einer seriösen Positiven Psychologie wichtig?";"Negative Emotionen sind funktional: Angst, Ärger, Trauer oder Frustration können warnen, Grenzen anzeigen oder Veränderung anstoßen.

Problematisch wird Positive Psychologie erst, wenn negative Emotionen abgewertet oder verdrängt werden (toxische Positivität).

Wohlbefinden ist mehrdimensional: nicht nur positive Emotionen, sondern auch Sinn, Beziehungen, Engagement, Leistungserleben und Vitalität.";"";""
"7 Kritik & Grenzen";"„Was ist dran an der Kritik?“ – Nenne vier Gegenargumente.";"1) Es gab einen proaktiven Reform-Prozess innerhalb der Disziplin mit stark partizipativem Forschungsansatz und engem Austausch zwischen Forschung und Praxis.
2) Eigentlich eher ein Miteinander als ein Gegeneinander: Positive Psychologie als interdisziplinärer Raum.
3) Seriöse Positive Psychologie fordert nicht permanente positive Emotionen – Wohlbefinden ist mehrdimensional, negative Emotionen sind funktional.
4) Die Forschung schreitet voran und muss weiter voranschreiten – wie in anderen Bereichen der Psychologie auch.";"Van Zyl (2025), Frontiers in Psychology";""
"7 Kritik & Grenzen";"Wie sollte Kritik an der Positiven Psychologie in der Klausur eingeordnet werden?";"Kritik nicht als Widerlegung der Positiven Psychologie verstehen, sondern als Aufforderung zu differenzierter, kontextsensibler Anwendung.

Erwartet wird: Kritikpunkte nicht nur aufzählen, sondern diskutieren – Was ist berechtigt? Was ist verkürzt? Wie kann eine seriöse Positive Psychologie damit umgehen?";"";""
"7 Kritik & Grenzen";"Wie verändert sich die Positive Psychologie aktuell?";"• Positive Psychologie verändert sich und muss nicht dogmatisch sein
• Aktuelle Entwicklungen betonen stärkere Differenzierung, Forschungsnähe, Praxisbezug und interdisziplinären Austausch
• Die 4. Welle thematisiert u. a. posttraumatisches Wachstum (Mangelsdorf)";"";""
"8 Transferaufgabe (Sophie)";"Fall Sophie – wie lautet die kurze Fallanalyse zum Einstieg?";"Sophie verfügt über hohe fachliche Kompetenz (skill), ihre Aufgaben bieten seit der Umstrukturierung jedoch zu geringe Anforderungen (challenge). Die Passung zwischen Fähigkeit und Herausforderung ist gestört, ihre Charakterstärke Kreativität kann kaum noch gelebt werden.

Im PERMA-Modell sind vor allem E (Engagement), A (Accomplishment) und M (Meaning) beeinträchtigt; die häufigeren Flüchtigkeitsfehler sind ein typisches Symptom von Unterforderung, nicht von Überforderung.";"1–2 Sätze zu Beginn – zeigt die theoretische Einordnung und bringt Punkte.";""
"8 Transferaufgabe (Sophie)";"Aufgabe 1 – Wie lautet das Oberziel der Intervention?";"Sophie entwickelt innerhalb von vier Wochen wieder mehr Engagement, Flow-Erleben und Selbstwirksamkeit in ihrem Arbeitsalltag, indem sie

• ihre kreativen Stärken bewusst identifiziert,
• sie gezielt in bestehende Aufgaben einbringt und
• ihre Gestaltungsspielräume aktiv nutzt.";"";""
"8 Transferaufgabe (Sophie)";"Aufgabe 1 – Nenne die vier konkretisierten Teilziele.";"1) Sophie kann am Ende mindestens drei eigene Charakterstärken benennen und jeweils eine konkrete Arbeitssituation beschreiben, in der sie diese einsetzt.

2) Sophie erhöht den Anteil an Tätigkeiten mit kreativem bzw. gestalterischem Anteil um mindestens zwei Stunden pro Woche (Job Crafting im vorhandenen Spielraum).

3) Sophies Flow-Erleben steigt im Prä-Post-Vergleich der Flow-Kurzskala messbar an.

4) Sophie hat ein vorbereitetes Gespräch mit ihrer Führungskraft mit mindestens zwei konkreten, realistischen Vorschlägen zur Aufgabenanreicherung.";"";""
"8 Transferaufgabe (Sophie)";"Aufgabe 1 – Wie lautet der Formulierungsbaustein für das Ziel?";"„Ziel ist nicht die Beseitigung der Umstrukturierung, sondern die Wiederherstellung von Wohlbefinden im Sinne von PERMA – konkret die Stärkung von Engagement, Accomplishment und Meaning innerhalb des Einflussbereichs von Sophie.“";"";""
"8 Transferaufgabe (Sophie)";"Aufgabe 1 – Warum bringt genau diese Zielformulierung Punkte?";"Sie ist

a) auf das Wohlbefinden bezogen,
b) konkret und überprüfbar,
c) im Vier-Wochen-Zeitraum realistisch und
d) im Einflussbereich der Klientin (Covey) verortet.

Sie überfordert damit weder die Person noch das Coaching-Setting.";"";""
"8 Transferaufgabe (Sophie)";"Aufgabe 2 – Welche theoretische Grundlage wird gewählt?";"Flow-Theorie (Csikszentmihályi) und Stärkenorientierung (Seligman & Peterson; Ebner), eingebettet in das PERMA-Modell (Seligman).

Die Begründung erfolgt in drei Schritten: Flow erklärt den Mechanismus, die Stärkenorientierung den Energie- und Selbstwertverlust, PERMA liefert den Rahmen für Diagnostik, Zielsetzung und Evaluation.";"";""
"8 Transferaufgabe (Sophie)";"Aufgabe 2 – Begründung Schritt 1: Wie erklärt die Flow-Theorie den Fall?";"Flow ist der Zustand des vollkommenen und reflexionsfreien Vertiefens in eine Tätigkeit, die herausfordernd ist und dennoch optimal gelingt. Er entsteht in der Balance zwischen persönlicher Fähigkeit (skill) und Anforderung der Aufgabe (challenge).

Genau diese Balance ist gestört: hohe Fähigkeiten treffen auf zu geringe Anforderungen → Langeweile.

Das erklärt
• ihre Selbstbeschreibung („langweilig und zermürbend“),
• die nachlassende Konzentration (Flüchtigkeitsfehler) und
• die abendliche Erschöpfung.

Flow wirkt affektiv, kognitiv und konativ – alle drei Ebenen sind bei ihr betroffen.";"";""
"8 Transferaufgabe (Sophie)";"Aufgabe 2 – Begründung Schritt 2: Wie erklärt die Stärkenorientierung den Fall?";"Charakterstärken sind psychologische Merkmale, die Tugenden definieren, Teil der Persönlichkeit sind und relativ stabil bleiben.

Laut Stärken-Check gilt:
• Eine Stärke gibt Energie, wenn man sie auslebt.
• Es fehlt etwas, wenn man sie nicht ausleben kann.
• Es kostet Energie, sie zurückzuhalten.

Sophie kann ihre kreative Kernkompetenz nicht mehr einsetzen – damit ist ihr Zustand theoretisch exakt vorhergesagt: Energieverlust und ein angegriffenes Selbstwertgefühl.";"";""
"8 Transferaufgabe (Sophie)";"Aufgabe 2 – Begründung Schritt 3: Was leistet PERMA in diesem Fall?";"PERMA erlaubt eine differenzierte Analyse statt einer pauschalen Aussage über „Zufriedenheit“:

Beeinträchtigt sind
• Engagement (kein Flow),
• Accomplishment (kein Kompetenz- und Fortschrittserleben),
• Meaning (kein erkennbarer Beitrag zu etwas Größerem).

Nicht beeinträchtigt sind – soweit im Fall erkennbar – Relationships und Vitalität.

→ Damit lässt sich die Intervention präzise ansetzen.";"";""
"8 Transferaufgabe (Sophie)";"Aufgabe 2 – Wie grenzt man Resilienz und Broaden-and-Build ab?";"Resilienz wäre die schwächere Wahl:
• Es liegt keine Krise oder Widrigkeit im Sinne der APA-Definition vor, sondern ein Passungsproblem.
• Resilienztraining würde die Ursache individualisieren (Kritikpunkt „Victim Blaming“), statt die Arbeitsgestaltung zu adressieren.

Broaden-and-Build kann ergänzend herangezogen werden:
• Positive Emotionen erweitern Denk- und Handlungsspielräume.
• Sie sind Voraussetzung dafür, dass Sophie überhaupt Alternativen und Gestaltungsmöglichkeiten erkennt (Weitblick statt Tunnelblick).";"Die Abgrenzung bringt Zusatzpunkte.";""
"8 Transferaufgabe (Sophie)";"Aufgabe 3 – Welches Format und welche vier Wochenthemen?";"Format je Woche: ein Coaching-Termin à 60 Minuten plus Eigenarbeit. Jede Woche enthält Psychoedukation, mindestens eine praktische Übung und Selbstreflexion.

Woche 1: Standortbestimmung und Verstehen
Woche 2: Stärken identifizieren
Woche 3: Job Crafting – Stärken in den Alltag bringen
Woche 4: Verstetigung, Selbstwirksamkeit und Gesprächsvorbereitung";"";""
"8 Transferaufgabe (Sophie)";"Aufgabe 3 – Woche 1: Standortbestimmung und Verstehen";"PSYCHOEDUKATION
Flow-Modell: Balance skill × challenge; Unterforderung → Langeweile, Überforderung → Angst. Wirkungen von Flow (affektiv, kognitiv, konativ). PERMA einführen. Entlastende Normalisierung: Die Symptome sind eine erwartbare Folge fehlender Passung, kein persönliches Versagen.

ÜBUNG – Energie-Landkarte
Alle Tätigkeiten der letzten Arbeitswoche auflisten und in „Energiegeber“ / „neutral“ / „Energieräuber“ sortieren. Je Tätigkeit Anforderung und eigene Fähigkeit auf einer Skala 1–10 einschätzen.

SELBSTREFLEXION
Wann habe ich zuletzt Energie, Kreativität und Kompetenz erlebt? Welche PERMA-Elemente sind schwach? Woran merke ich die Unterforderung?

HAUSAUFGABE
Flow-Kurzskala an drei Tagen direkt nach einer Arbeitstätigkeit ausfüllen.";"";""
"8 Transferaufgabe (Sophie)";"Aufgabe 3 – Woche 2: Stärken identifizieren";"PSYCHOEDUKATION
Charakterstärken als individuelle Energiequellen (Seligman & Peterson). Stärken-Check in vier Schritten: gibt Energie / fehlt, wenn ungelebt / Zurückhalten kostet Kraft / Übertreibung möglich. Abgrenzung: Stärkenorientierung ist kein Schönreden.

ÜBUNG – Stärkeninterview
„Wann fühlen Sie sich energiegeladen und authentisch?“, „Was fällt Ihnen leicht?“, „Wofür bekommen Sie Komplimente?“ Ergänzend VIA-Stärkentest. Anschließend drei Signaturstärken auswählen und je eine gelungene Vergangenheitssituation beschreiben.

SELBSTREFLEXION
Welche Stärke konnte ich in den letzten sechs Monaten am wenigsten leben? Was fehlt mir dadurch? Wo zeigt sie sich trotzdem noch – auch im Kleinen?

HAUSAUFGABE
Täglich notieren: „Heute habe ich meine Stärke ___ eingesetzt, als ich ___.“";"";""
"8 Transferaufgabe (Sophie)";"Aufgabe 3 – Woche 3: Job Crafting – Stärken in den Alltag bringen";"PSYCHOEDUKATION
Einflussbereich vs. Betroffenheitsbereich (Covey): Die Umstrukturierung liegt im Betroffenheitsbereich, die Ausgestaltung einzelner Aufgaben im Einflussbereich. Lösungs- und Möglichkeits-Talk: „Was funktioniert schon gut?“ statt „Warum klappt das nicht?“

ÜBUNG – Task Crafting nach dem 5-%-Prinzip (angelehnt an P-P-5)
1) Welche Aufgabe läuft bereits gut und warum?
2) Welche Routineaufgabe hat verstecktes Gestaltungspotenzial?
3) Was macht sie um 5 % kreativer oder anspruchsvoller?
Konkret: eine standardisierte Werbevorlage gestalterisch variieren, ein Mini-Konzept für ein internes Format entwickeln, Kolleg:innen ein Layout-Review anbieten. Mindestens zwei Maßnahmen umsetzen.

SELBSTREFLEXION
Wie haben sich Energie, Konzentration, Fehlerquote und Zufriedenheit an diesen Tagen verändert? Wo lag die Anforderung näher an meinen Fähigkeiten?

HAUSAUFGABE
Flow-Kurzskala erneut ausfüllen – nach einer „gecrafteten“ Aufgabe, als Vergleich zu Woche 1.";"";""
"8 Transferaufgabe (Sophie)";"Aufgabe 3 – Woche 4: Verstetigung, Selbstwirksamkeit und Gesprächsvorbereitung";"PSYCHOEDUKATION
Accomplishment und Selbstwirksamkeit: Fortschritt wirkt nur, wenn er sichtbar gemacht wird. Bezug zu Broaden-and-Build: Erste Erfolge erzeugen positive Emotionen, die den Möglichkeitsraum erweitern (Aufwärtsspirale).

ÜBUNG – Erfolgsbilanz und Gesprächsvorbereitung
Übersicht der Veränderungen der letzten drei Wochen (Was hat gewirkt? Woran war das erkennbar?). Darauf aufbauend ein Gespräch mit der Führungskraft vorbereiten – stärken- und nutzenargumentiert, nicht beschwerdeorientiert: „Wenn ich X % meiner Zeit für konzeptionelle Arbeit einsetze, entsteht für das Team folgender Nutzen: …“ Anschließend Rollenspiel.

SELBSTREFLEXION
Was liegt weiterhin in meinem Einflussbereich? Welche zwei Routinen behalte ich bei? Woran merke ich frühzeitig, dass ich wieder in Unterforderung rutsche?

ABSCHLUSS
Post-Messung aller Instrumente, Transfervereinbarung, Follow-up nach acht Wochen.";"";""
"8 Transferaufgabe (Sophie)";"Aufgabe 4 – Welches übergeordnete Design und welche Messzeitpunkte?";"Prä-Post-Vergleich im Einzelfall (Single-Case) mit Follow-up.

Messzeitpunkte:
• t0 vor Woche 1 (Baseline)
• t1 nach Woche 4
• t2 Follow-up nach acht Wochen

Ergänzt um eine wöchentliche Verlaufsmessung, um nicht nur das Ergebnis, sondern auch den Verlauf abzubilden.

Mixed Methods: Zahlen zeigen, OB sich etwas verändert hat – die qualitativen Daten zeigen, WIE und WARUM.";"";""
"8 Transferaufgabe (Sophie)";"Aufgabe 4 – Welche quantitativen Indikatoren und Instrumente?";"• Flow-Erleben → Flow-Kurzskala (FKS), Rheinberg, Vollmeyer & Engeser (2019); 7-stufig; Subskalen Flow, Besorgnis, Passung | t0, wöchentlich, t1, t2

• Wohlbefinden gesamt → PERMA-Selbsteinschätzung (je Element 0–10), ggf. PERMA-Profiler | t0, t1, t2

• Lebenszufriedenheit → SWLS (Janke & Glöckner-Rist, 2012) oder HSWBS (Dalbert, 2002) als distales Kriterium | t0, t1, t2

• Energie und Zufriedenheit → wöchentliche Single-Item-Ratings 1–10

• Stärkennutzung → „Ich konnte diese Woche meine Stärken einsetzen“ (1–10), wöchentlich

• Arbeitsnah und objektivierbar → Anteil kreativ-konzeptioneller Tätigkeiten in % (Tätigkeitsprotokoll); Anzahl selbst bemerkter Flüchtigkeitsfehler pro Woche";"";""
"8 Transferaufgabe (Sophie)";"Aufgabe 4 – Wie werden die quantitativen Daten ausgewertet?";"• Mittelwertvergleich t0 gegenüber t1 je Skala
• Darstellung der Wochenwerte als Verlaufskurve
• Berechnung individueller Veränderungswerte
• Prüfung, ob die Veränderung über die normale Schwankungsbreite der Baseline hinausgeht";"";""
"8 Transferaufgabe (Sophie)";"Aufgabe 4 – Welche kritische Einordnung gehört unbedingt dazu?";"Es handelt sich um ein N = 1-Design ohne Kontrollgruppe. Kausalaussagen sind nicht möglich.

Nicht auszuschließende Alternativerklärungen:
• Erwartungseffekte
• soziale Erwünschtheit
• Reifungs- und Testwiederholungseffekte
• parallele Veränderungen im Betrieb

Aussagekraft entsteht durch die mehrfache Baseline-Messung, die Kombination mehrerer Indikatoren und die Triangulation mit qualitativen Daten.";"";""
"8 Transferaufgabe (Sophie)";"Aufgabe 4 – Welche qualitativen Instrumente und wie wird ausgewertet?";"• Strukturiertes Reflexionstagebuch (wöchentlich, feste Leitfragen): Wann war ich „im Fluss“? Welche Stärke habe ich eingesetzt – und was hat das mit mir gemacht? Was hat Energie gekostet? Was war anders als vorher?

• Leitfadengestütztes Abschlussinterview (t1): „Was hat sich verändert – woran machen Sie das fest?“, „Welche Übung war am wirksamsten und warum?“, „Was hat nicht funktioniert?“, „Wie erleben Sie heute Ihre eigene Kompetenz?“

• Kritische Ereignisse: zwei bis drei besonders gelungene und zwei besonders schwierige Arbeitssituationen detailliert dokumentieren

• Fremdperspektive (optional, nur mit Einverständnis): kurzes Feedback von Führungskraft oder Kolleg:in → Triangulation

AUSWERTUNG
Qualitative Inhaltsanalyse (Mayring): Kategorienbildung zu Flow-Erleben, Stärkennutzung, Selbstwirksamkeit, Selbstwert und Gestaltungsspielraum; Kategoriensystem und Ankerbeispiele dokumentieren (Nachvollziehbarkeit als Gütekriterium).";"";""
"8 Transferaufgabe (Sophie)";"Aufgabe 4 – Wann gilt die Intervention als erfolgreich? (4 Kriterien)";"1) Flow-Kurzskala und PERMA-Selbsteinschätzung zeigen von t0 zu t1 eine Verbesserung, die über die Baseline-Schwankung hinausgeht.

2) Der Anteil kreativ-konzeptioneller Tätigkeiten ist messbar gestiegen.

3) Sophie kann im Abschlussinterview konkrete Situationen beschreiben, in denen sie Stärken eingesetzt und Wirksamkeit erlebt hat.

4) Mindestens zwei Job-Crafting-Maßnahmen sind dauerhaft in den Alltag integriert (Nachweis im Follow-up t2).";"";""
"8 Transferaufgabe (Sophie)";"Optionaler Abschluss – welche vier Punkte zur kritischen Reflexion?";"1) GRENZE DER INDIVIDUELLEN INTERVENTION
Die Ursache liegt teilweise strukturell (Umstrukturierung, Aufgabenzuschnitt). Ein rein individuelles Coaching würde ein organisationales Problem individualisieren – genau der Kritikpunkt „Individualisierung / Victim Blaming“. Deshalb ist das Gespräch mit der Führungskraft in Woche 4 inhaltlich notwendig, kein bloßes Extra.

2) ANSCHLUSS AN POSITIVE LEADERSHIP
Nachhaltig wird die Veränderung erst, wenn die Führungskraft Aufgaben stärkenorientiert zuschneidet (PERMA-Lead: Engagement ermöglichen, Erreichtes sichtbar machen).

3) KEINE TOXISCHE POSITIVITÄT
Sophies Frustration wird anerkannt, nicht umgedeutet. Negative Emotionen sind funktional – sie zeigen hier zutreffend eine Fehlpassung an.

4) MESSGRENZEN
Selbstauskunftsverfahren sind anfällig für soziale Erwünschtheit – deshalb die Ergänzung um verhaltensnahe Indikatoren.";"Bringt in der Regel Zusatzpunkte, wenn am Ende Zeit bleibt.";""
